motif_id	motif_alt_id	sequence_name	start	stop	strand	score	p-value	q-value	matched_sequence
MA0865.1	E2F8	KE4-1-C02_R1+R2_[1/144]_rank5_%totalreads:0.69_percentile:48_%top5reads:1.05_%readsfilteredfor1%:None_%readsfilteredfor10%:None	54	65	-	19.5062	9.78e-08	0.000168	TTTCCCCCCAAA
MA0865.1	E2F8	KE4-1-C02_R1+R2_[82/144]_rank1_%totalreads:56.94_percentile:100_%top5reads:86.32_%readsfilteredfor1%:88.17_%readsfilteredfor10%:100.0	54	65	-	19.5062	9.78e-08	0.000168	TTTCCCCCCAAA
MA0865.1	E2F8	KE4-1-C02_R1+R2_[1/144]_rank5_%totalreads:0.69_percentile:48_%top5reads:1.05_%readsfilteredfor1%:None_%readsfilteredfor10%:None	144	155	-	19.5062	9.78e-08	0.000168	TTTCCCCCCAAA
MA0007.3	Ar	KE4-2-A01_R1+R2_[195/435]_rank1_%totalreads:44.83_percentile:100_%top5reads:53.28_%readsfilteredfor1%:53.28_%readsfilteredfor10%:58.21	66	82	-	16.1754	1.66e-06	0.00409	CAGAACAGGGTGTTCTG
MA0007.3	Ar	KE4-4-G02_R1+R2_[7/996]_rank5_%totalreads:0.7_percentile:97_%top5reads:0.84_%readsfilteredfor1%:None_%readsfilteredfor10%:None	66	82	-	16.1754	1.66e-06	0.00409	CAGAACAGGGTGTTCTG
MA0727.1	NR3C2	KE4-4-G02_R1+R2_[7/996]_rank5_%totalreads:0.7_percentile:97_%top5reads:0.84_%readsfilteredfor1%:None_%readsfilteredfor10%:None	66	82	-	16.2609	1.67e-06	0.00325	CAGAACAGGGTGTTCTG
MA0727.1	NR3C2	KE4-2-A01_R1+R2_[195/435]_rank1_%totalreads:44.83_percentile:100_%top5reads:53.28_%readsfilteredfor1%:53.28_%readsfilteredfor10%:58.21	66	82	-	16.2609	1.67e-06	0.00325	CAGAACAGGGTGTTCTG
MA0113.3	NR3C1	KE4-2-A01_R1+R2_[195/435]_rank1_%totalreads:44.83_percentile:100_%top5reads:53.28_%readsfilteredfor1%:53.28_%readsfilteredfor10%:58.21	66	82	-	15.6735	2.03e-06	0.00367	CAGAACAGGGTGTTCTG
MA0113.3	NR3C1	KE4-4-G02_R1+R2_[7/996]_rank5_%totalreads:0.7_percentile:97_%top5reads:0.84_%readsfilteredfor1%:None_%readsfilteredfor10%:None	66	82	-	15.6735	2.03e-06	0.00367	CAGAACAGGGTGTTCTG
MA0149.1	EWSR1-FLI1	KE4-1-C02_R1+R2_[82/144]_rank1_%totalreads:56.94_percentile:100_%top5reads:86.32_%readsfilteredfor1%:88.17_%readsfilteredfor10%:100.0	61	78	+	0.64	2.17e-06	0.000643	GGAAAAAAGGAAAGAGAG
MA0149.1	EWSR1-FLI1	KE4-1-C02_R1+R2_[1/144]_rank5_%totalreads:0.69_percentile:48_%top5reads:1.05_%readsfilteredfor1%:None_%readsfilteredfor10%:None	61	78	+	0.64	2.17e-06	0.000643	GGAAAAAAGGAAAGAGAG
MA0149.1	EWSR1-FLI1	KE4-2-A01_R1+R2_[5/435]_rank5_%totalreads:1.15_percentile:94_%top5reads:1.37_%readsfilteredfor1%:1.37_%readsfilteredfor10%:None	140	157	+	0.64	2.17e-06	0.000643	GGAAAAAAGGAAAGAGAG
MA0149.1	EWSR1-FLI1	KE4-4-G10_R1+R2_[11/806]_rank3_%totalreads:1.36_percentile:98_%top5reads:1.62_%readsfilteredfor1%:1.64_%readsfilteredfor10%:None	140	157	+	0.64	2.17e-06	0.000643	GGAAAAAAGGAAAGAGAG
MA0149.1	EWSR1-FLI1	KE4-4-G02_R1+R2_[11/996]_rank4_%totalreads:1.1_percentile:97_%top5reads:1.31_%readsfilteredfor1%:1.32_%readsfilteredfor10%:None	140	157	+	0.64	2.17e-06	0.000643	GGAAAAAAGGAAAGAGAG
MA0149.1	EWSR1-FLI1	KE4-2-A01_R1+R2_[140/435]_rank2_%totalreads:32.18_percentile:98_%top5reads:38.25_%readsfilteredfor1%:38.25_%readsfilteredfor10%:41.79	141	158	+	0.64	2.17e-06	0.000643	GGAAAAAAGGAAAGAGAG
MA0149.1	EWSR1-FLI1	KE4-4-G10_R1+R2_[347/806]_rank1_%totalreads:43.05_percentile:100_%top5reads:51.03_%readsfilteredfor1%:51.64_%readsfilteredfor10%:52.5	141	158	+	0.64	2.17e-06	0.000643	GGAAAAAAGGAAAGAGAG
MA0149.1	EWSR1-FLI1	KE4-4-G02_R1+R2_[443/996]_rank1_%totalreads:44.48_percentile:100_%top5reads:52.86_%readsfilteredfor1%:53.31_%readsfilteredfor10%:54.89	141	158	+	0.64	2.17e-06	0.000643	GGAAAAAAGGAAAGAGAG
MA0149.1	EWSR1-FLI1	KE4-4-G02_R1+R2_[13/996]_rank3_%totalreads:1.31_percentile:98_%top5reads:1.55_%readsfilteredfor1%:1.56_%readsfilteredfor10%:None	142	159	+	0.64	2.17e-06	0.000643	GGAAAAAAGGAAAGAGAG
MA0149.1	EWSR1-FLI1	KE4-4-G10_R1+R2_[4/806]_rank4_%totalreads:0.5_percentile:97_%top5reads:0.59_%readsfilteredfor1%:None_%readsfilteredfor10%:None	142	159	+	0.64	2.17e-06	0.000643	GGAAAAAAGGAAAGAGAG
MA0149.1	EWSR1-FLI1	KE4-4-G10_R1+R2_[314/806]_rank2_%totalreads:38.96_percentile:99_%top5reads:46.18_%readsfilteredfor1%:46.73_%readsfilteredfor10%:47.5	143	160	+	0.64	2.17e-06	0.000643	GGAAAAAAGGAAAGAGAG
MA0149.1	EWSR1-FLI1	KE4-4-G02_R1+R2_[364/996]_rank2_%totalreads:36.55_percentile:99_%top5reads:43.44_%readsfilteredfor1%:43.8_%readsfilteredfor10%:45.11	143	160	+	0.64	2.17e-06	0.000643	GGAAAAAAGGAAAGAGAG
MA0149.1	EWSR1-FLI1	KE4-4-G02_R1+R2_[7/996]_rank5_%totalreads:0.7_percentile:97_%top5reads:0.84_%readsfilteredfor1%:None_%readsfilteredfor10%:None	145	162	+	0.64	2.17e-06	0.000643	GGAAAAAAGGAAAGAGAG
MA0149.1	EWSR1-FLI1	KE4-2-A01_R1+R2_[195/435]_rank1_%totalreads:44.83_percentile:100_%top5reads:53.28_%readsfilteredfor1%:53.28_%readsfilteredfor10%:58.21	145	162	+	0.64	2.17e-06	0.000643	GGAAAAAAGGAAAGAGAG
MA0149.1	EWSR1-FLI1	KE4-1-C02_R1+R2_[1/144]_rank5_%totalreads:0.69_percentile:48_%top5reads:1.05_%readsfilteredfor1%:None_%readsfilteredfor10%:None	151	168	+	0.64	2.17e-06	0.000643	GGAAAAAAGGAAAGAGAG
MA0149.1	EWSR1-FLI1	KE4-4-G10_R1+R2_[4/806]_rank5_%totalreads:0.5_percentile:97_%top5reads:0.59_%readsfilteredfor1%:None_%readsfilteredfor10%:None	14	31	-	0.64	2.17e-06	0.000643	GGAAAAAAGGAAAGAGAG
MA0727.1	NR3C2	KE4-2-A01_R1+R2_[195/435]_rank1_%totalreads:44.83_percentile:100_%top5reads:53.28_%readsfilteredfor1%:53.28_%readsfilteredfor10%:58.21	66	82	+	15.1087	2.62e-06	0.00325	CAGAACACCCTGTTCTG
MA0727.1	NR3C2	KE4-4-G02_R1+R2_[7/996]_rank5_%totalreads:0.7_percentile:97_%top5reads:0.84_%readsfilteredfor1%:None_%readsfilteredfor10%:None	66	82	+	15.1087	2.62e-06	0.00325	CAGAACACCCTGTTCTG
MA0842.1	NRL	KE4-4-G10_R1+R2_[4/806]_rank5_%totalreads:0.5_percentile:97_%top5reads:0.59_%readsfilteredfor1%:None_%readsfilteredfor10%:None	61	71	-	13.0926	2.79e-06	0.00114	GATGTGCTGAC
MA0842.1	NRL	KE4-4-G10_R1+R2_[11/806]_rank3_%totalreads:1.36_percentile:98_%top5reads:1.62_%readsfilteredfor1%:1.64_%readsfilteredfor10%:None	100	110	+	13.0926	2.79e-06	0.00114	GATGTGCTGAC
MA0842.1	NRL	KE4-2-A01_R1+R2_[5/435]_rank5_%totalreads:1.15_percentile:94_%top5reads:1.37_%readsfilteredfor1%:1.37_%readsfilteredfor10%:None	100	110	+	13.0926	2.79e-06	0.00114	GATGTGCTGAC
MA0842.1	NRL	KE4-4-G02_R1+R2_[11/996]_rank4_%totalreads:1.1_percentile:97_%top5reads:1.31_%readsfilteredfor1%:1.32_%readsfilteredfor10%:None	100	110	+	13.0926	2.79e-06	0.00114	GATGTGCTGAC
MA0842.1	NRL	KE4-2-A01_R1+R2_[140/435]_rank2_%totalreads:32.18_percentile:98_%top5reads:38.25_%readsfilteredfor1%:38.25_%readsfilteredfor10%:41.79	101	111	+	13.0926	2.79e-06	0.00114	GATGTGCTGAC
MA0842.1	NRL	KE4-4-G10_R1+R2_[347/806]_rank1_%totalreads:43.05_percentile:100_%top5reads:51.03_%readsfilteredfor1%:51.64_%readsfilteredfor10%:52.5	101	111	+	13.0926	2.79e-06	0.00114	GATGTGCTGAC
MA0842.1	NRL	KE4-4-G02_R1+R2_[443/996]_rank1_%totalreads:44.48_percentile:100_%top5reads:52.86_%readsfilteredfor1%:53.31_%readsfilteredfor10%:54.89	101	111	+	13.0926	2.79e-06	0.00114	GATGTGCTGAC
MA0842.1	NRL	KE4-4-G10_R1+R2_[4/806]_rank4_%totalreads:0.5_percentile:97_%top5reads:0.59_%readsfilteredfor1%:None_%readsfilteredfor10%:None	102	112	+	13.0926	2.79e-06	0.00114	GATGTGCTGAC
MA0842.1	NRL	KE4-4-G02_R1+R2_[13/996]_rank3_%totalreads:1.31_percentile:98_%top5reads:1.55_%readsfilteredfor1%:1.56_%readsfilteredfor10%:None	102	112	+	13.0926	2.79e-06	0.00114	GATGTGCTGAC
MA0842.1	NRL	KE4-4-G10_R1+R2_[314/806]_rank2_%totalreads:38.96_percentile:99_%top5reads:46.18_%readsfilteredfor1%:46.73_%readsfilteredfor10%:47.5	103	113	+	13.0926	2.79e-06	0.00114	GATGTGCTGAC
MA0842.1	NRL	KE4-4-G02_R1+R2_[364/996]_rank2_%totalreads:36.55_percentile:99_%top5reads:43.44_%readsfilteredfor1%:43.8_%readsfilteredfor10%:45.11	103	113	+	13.0926	2.79e-06	0.00114	GATGTGCTGAC
MA0842.1	NRL	KE4-4-G02_R1+R2_[7/996]_rank5_%totalreads:0.7_percentile:97_%top5reads:0.84_%readsfilteredfor1%:None_%readsfilteredfor10%:None	105	115	+	13.0926	2.79e-06	0.00114	GATGTGCTGAC
MA0842.1	NRL	KE4-2-A01_R1+R2_[195/435]_rank1_%totalreads:44.83_percentile:100_%top5reads:53.28_%readsfilteredfor1%:53.28_%readsfilteredfor10%:58.21	105	115	+	13.0926	2.79e-06	0.00114	GATGTGCTGAC
MA0113.3	NR3C1	KE4-2-A01_R1+R2_[195/435]_rank1_%totalreads:44.83_percentile:100_%top5reads:53.28_%readsfilteredfor1%:53.28_%readsfilteredfor10%:58.21	66	82	+	14.6327	2.95e-06	0.00367	CAGAACACCCTGTTCTG
MA0113.3	NR3C1	KE4-4-G02_R1+R2_[7/996]_rank5_%totalreads:0.7_percentile:97_%top5reads:0.84_%readsfilteredfor1%:None_%readsfilteredfor10%:None	66	82	+	14.6327	2.95e-06	0.00367	CAGAACACCCTGTTCTG
MA0758.1	E2F7	KE4-1-C02_R1+R2_[1/144]_rank5_%totalreads:0.69_percentile:48_%top5reads:1.05_%readsfilteredfor1%:None_%readsfilteredfor10%:None	53	66	-	8.44262	3.04e-06	0.00339	TTTTCCCCCCAAAC
MA0758.1	E2F7	KE4-1-C02_R1+R2_[82/144]_rank1_%totalreads:56.94_percentile:100_%top5reads:86.32_%readsfilteredfor1%:88.17_%readsfilteredfor10%:100.0	53	66	-	8.44262	3.04e-06	0.00339	TTTTCCCCCCAAAC
MA0758.1	E2F7	KE4-1-C02_R1+R2_[1/144]_rank5_%totalreads:0.69_percentile:48_%top5reads:1.05_%readsfilteredfor1%:None_%readsfilteredfor10%:None	143	156	-	8.44262	3.04e-06	0.00339	TTTTCCCCCCAAAC
MA0528.1	ZNF263	KE4-4-G10_R1+R2_[4/806]_rank5_%totalreads:0.5_percentile:97_%top5reads:0.59_%readsfilteredfor1%:None_%readsfilteredfor10%:None	14	34	-	14.8776	3.22e-06	0.000954	GGGGGAAAAAAGGAAAGAGAG
MA0528.1	ZNF263	KE4-1-C02_R1+R2_[1/144]_rank5_%totalreads:0.69_percentile:48_%top5reads:1.05_%readsfilteredfor1%:None_%readsfilteredfor10%:None	58	78	+	14.8776	3.22e-06	0.000954	GGGGGAAAAAAGGAAAGAGAG
MA0528.1	ZNF263	KE4-1-C02_R1+R2_[82/144]_rank1_%totalreads:56.94_percentile:100_%top5reads:86.32_%readsfilteredfor1%:88.17_%readsfilteredfor10%:100.0	58	78	+	14.8776	3.22e-06	0.000954	GGGGGAAAAAAGGAAAGAGAG
MA0528.1	ZNF263	KE4-4-G02_R1+R2_[11/996]_rank4_%totalreads:1.1_percentile:97_%top5reads:1.31_%readsfilteredfor1%:1.32_%readsfilteredfor10%:None	137	157	+	14.8776	3.22e-06	0.000954	GGGGGAAAAAAGGAAAGAGAG
MA0528.1	ZNF263	KE4-2-A01_R1+R2_[5/435]_rank5_%totalreads:1.15_percentile:94_%top5reads:1.37_%readsfilteredfor1%:1.37_%readsfilteredfor10%:None	137	157	+	14.8776	3.22e-06	0.000954	GGGGGAAAAAAGGAAAGAGAG
MA0528.1	ZNF263	KE4-4-G10_R1+R2_[11/806]_rank3_%totalreads:1.36_percentile:98_%top5reads:1.62_%readsfilteredfor1%:1.64_%readsfilteredfor10%:None	137	157	+	14.8776	3.22e-06	0.000954	GGGGGAAAAAAGGAAAGAGAG
MA0528.1	ZNF263	KE4-4-G10_R1+R2_[347/806]_rank1_%totalreads:43.05_percentile:100_%top5reads:51.03_%readsfilteredfor1%:51.64_%readsfilteredfor10%:52.5	138	158	+	14.8776	3.22e-06	0.000954	GGGGGAAAAAAGGAAAGAGAG
MA0528.1	ZNF263	KE4-4-G02_R1+R2_[443/996]_rank1_%totalreads:44.48_percentile:100_%top5reads:52.86_%readsfilteredfor1%:53.31_%readsfilteredfor10%:54.89	138	158	+	14.8776	3.22e-06	0.000954	GGGGGAAAAAAGGAAAGAGAG
MA0528.1	ZNF263	KE4-2-A01_R1+R2_[140/435]_rank2_%totalreads:32.18_percentile:98_%top5reads:38.25_%readsfilteredfor1%:38.25_%readsfilteredfor10%:41.79	138	158	+	14.8776	3.22e-06	0.000954	GGGGGAAAAAAGGAAAGAGAG
MA0528.1	ZNF263	KE4-4-G10_R1+R2_[4/806]_rank4_%totalreads:0.5_percentile:97_%top5reads:0.59_%readsfilteredfor1%:None_%readsfilteredfor10%:None	139	159	+	14.8776	3.22e-06	0.000954	GGGGGAAAAAAGGAAAGAGAG
MA0528.1	ZNF263	KE4-4-G02_R1+R2_[13/996]_rank3_%totalreads:1.31_percentile:98_%top5reads:1.55_%readsfilteredfor1%:1.56_%readsfilteredfor10%:None	139	159	+	14.8776	3.22e-06	0.000954	GGGGGAAAAAAGGAAAGAGAG
MA0528.1	ZNF263	KE4-4-G10_R1+R2_[314/806]_rank2_%totalreads:38.96_percentile:99_%top5reads:46.18_%readsfilteredfor1%:46.73_%readsfilteredfor10%:47.5	140	160	+	14.8776	3.22e-06	0.000954	GGGGGAAAAAAGGAAAGAGAG
MA0528.1	ZNF263	KE4-4-G02_R1+R2_[364/996]_rank2_%totalreads:36.55_percentile:99_%top5reads:43.44_%readsfilteredfor1%:43.8_%readsfilteredfor10%:45.11	140	160	+	14.8776	3.22e-06	0.000954	GGGGGAAAAAAGGAAAGAGAG
MA0528.1	ZNF263	KE4-4-G02_R1+R2_[7/996]_rank5_%totalreads:0.7_percentile:97_%top5reads:0.84_%readsfilteredfor1%:None_%readsfilteredfor10%:None	142	162	+	14.8776	3.22e-06	0.000954	GGGGGAAAAAAGGAAAGAGAG
MA0528.1	ZNF263	KE4-2-A01_R1+R2_[195/435]_rank1_%totalreads:44.83_percentile:100_%top5reads:53.28_%readsfilteredfor1%:53.28_%readsfilteredfor10%:58.21	142	162	+	14.8776	3.22e-06	0.000954	GGGGGAAAAAAGGAAAGAGAG
MA0528.1	ZNF263	KE4-1-C02_R1+R2_[1/144]_rank5_%totalreads:0.69_percentile:48_%top5reads:1.05_%readsfilteredfor1%:None_%readsfilteredfor10%:None	148	168	+	14.8776	3.22e-06	0.000954	GGGGGAAAAAAGGAAAGAGAG
MA0007.3	Ar	KE4-4-G02_R1+R2_[7/996]_rank5_%totalreads:0.7_percentile:97_%top5reads:0.84_%readsfilteredfor1%:None_%readsfilteredfor10%:None	66	82	+	14.6316	3.26e-06	0.00409	CAGAACACCCTGTTCTG
MA0007.3	Ar	KE4-2-A01_R1+R2_[195/435]_rank1_%totalreads:44.83_percentile:100_%top5reads:53.28_%readsfilteredfor1%:53.28_%readsfilteredfor10%:58.21	66	82	+	14.6316	3.26e-06	0.00409	CAGAACACCCTGTTCTG
MA0047.2	Foxa2	KE4-1-C02_R1+R2_[1/144]_rank4_%totalreads:0.69_percentile:48_%top5reads:1.05_%readsfilteredfor1%:None_%readsfilteredfor10%:None	95	106	-	14.8878	3.71e-06	0.0196	TGTTTACCCAGG
MA0813.1	TFAP2B(var.3)	KE4-1-C02_R1+R2_[1/144]_rank4_%totalreads:0.69_percentile:48_%top5reads:1.05_%readsfilteredfor1%:None_%readsfilteredfor10%:None	127	139	-	15.082	5.27e-06	0.0197	TGCCTTTAGGGCC
MA0003.3	TFAP2A	KE4-1-C02_R1+R2_[1/144]_rank4_%totalreads:0.69_percentile:48_%top5reads:1.05_%readsfilteredfor1%:None_%readsfilteredfor10%:None	106	116	-	14.6481	5.44e-06	0.0261	CCCCTCAGGCT
MA0480.1	Foxo1	KE4-1-C02_R1+R2_[1/144]_rank4_%totalreads:0.69_percentile:48_%top5reads:1.05_%readsfilteredfor1%:None_%readsfilteredfor10%:None	99	109	-	14.5614	5.74e-06	0.0298	GGCTGTTTACC
MA0739.1	Hic1	KE4-4-G10_R1+R2_[4/806]_rank5_%totalreads:0.5_percentile:97_%top5reads:0.59_%readsfilteredfor1%:None_%readsfilteredfor10%:None	80	88	+	13.4902	5.97e-06	0.00238	GTGCCAGCC
MA0739.1	Hic1	KE4-4-G10_R1+R2_[11/806]_rank3_%totalreads:1.36_percentile:98_%top5reads:1.62_%readsfilteredfor1%:1.64_%readsfilteredfor10%:None	83	91	-	13.4902	5.97e-06	0.00238	GTGCCAGCC
MA0739.1	Hic1	KE4-2-A01_R1+R2_[5/435]_rank5_%totalreads:1.15_percentile:94_%top5reads:1.37_%readsfilteredfor1%:1.37_%readsfilteredfor10%:None	83	91	-	13.4902	5.97e-06	0.00238	GTGCCAGCC
MA0739.1	Hic1	KE4-4-G02_R1+R2_[11/996]_rank4_%totalreads:1.1_percentile:97_%top5reads:1.31_%readsfilteredfor1%:1.32_%readsfilteredfor10%:None	83	91	-	13.4902	5.97e-06	0.00238	GTGCCAGCC
MA0739.1	Hic1	KE4-2-A01_R1+R2_[140/435]_rank2_%totalreads:32.18_percentile:98_%top5reads:38.25_%readsfilteredfor1%:38.25_%readsfilteredfor10%:41.79	84	92	-	13.4902	5.97e-06	0.00238	GTGCCAGCC
MA0739.1	Hic1	KE4-4-G10_R1+R2_[347/806]_rank1_%totalreads:43.05_percentile:100_%top5reads:51.03_%readsfilteredfor1%:51.64_%readsfilteredfor10%:52.5	84	92	-	13.4902	5.97e-06	0.00238	GTGCCAGCC
MA0739.1	Hic1	KE4-4-G02_R1+R2_[443/996]_rank1_%totalreads:44.48_percentile:100_%top5reads:52.86_%readsfilteredfor1%:53.31_%readsfilteredfor10%:54.89	84	92	-	13.4902	5.97e-06	0.00238	GTGCCAGCC
MA0739.1	Hic1	KE4-4-G10_R1+R2_[4/806]_rank4_%totalreads:0.5_percentile:97_%top5reads:0.59_%readsfilteredfor1%:None_%readsfilteredfor10%:None	85	93	-	13.4902	5.97e-06	0.00238	GTGCCAGCC
MA0739.1	Hic1	KE4-4-G02_R1+R2_[13/996]_rank3_%totalreads:1.31_percentile:98_%top5reads:1.55_%readsfilteredfor1%:1.56_%readsfilteredfor10%:None	85	93	-	13.4902	5.97e-06	0.00238	GTGCCAGCC
MA0739.1	Hic1	KE4-4-G10_R1+R2_[314/806]_rank2_%totalreads:38.96_percentile:99_%top5reads:46.18_%readsfilteredfor1%:46.73_%readsfilteredfor10%:47.5	86	94	-	13.4902	5.97e-06	0.00238	GTGCCAGCC
MA0739.1	Hic1	KE4-4-G02_R1+R2_[364/996]_rank2_%totalreads:36.55_percentile:99_%top5reads:43.44_%readsfilteredfor1%:43.8_%readsfilteredfor10%:45.11	86	94	-	13.4902	5.97e-06	0.00238	GTGCCAGCC
MA0739.1	Hic1	KE4-4-G02_R1+R2_[7/996]_rank5_%totalreads:0.7_percentile:97_%top5reads:0.84_%readsfilteredfor1%:None_%readsfilteredfor10%:None	88	96	-	13.4902	5.97e-06	0.00238	GTGCCAGCC
MA0739.1	Hic1	KE4-2-A01_R1+R2_[195/435]_rank1_%totalreads:44.83_percentile:100_%top5reads:53.28_%readsfilteredfor1%:53.28_%readsfilteredfor10%:58.21	88	96	-	13.4902	5.97e-06	0.00238	GTGCCAGCC
MA0810.1	TFAP2A(var.2)	KE4-1-C02_R1+R2_[1/144]_rank4_%totalreads:0.69_percentile:48_%top5reads:1.05_%readsfilteredfor1%:None_%readsfilteredfor10%:None	106	117	-	14.3519	7.15e-06	0.011	TCCCCTCAGGCT
MA0513.1	SMAD2::SMAD3::SMAD4	KE4-2-A01_R1+R2_[5/435]_rank5_%totalreads:1.15_percentile:94_%top5reads:1.37_%readsfilteredfor1%:1.37_%readsfilteredfor10%:None	81	93	+	14.2787	7.99e-06	0.00319	GTGGCTGGCACAT
MA0513.1	SMAD2::SMAD3::SMAD4	KE4-4-G10_R1+R2_[11/806]_rank3_%totalreads:1.36_percentile:98_%top5reads:1.62_%readsfilteredfor1%:1.64_%readsfilteredfor10%:None	81	93	+	14.2787	7.99e-06	0.00319	GTGGCTGGCACAT
MA0513.1	SMAD2::SMAD3::SMAD4	KE4-4-G02_R1+R2_[11/996]_rank4_%totalreads:1.1_percentile:97_%top5reads:1.31_%readsfilteredfor1%:1.32_%readsfilteredfor10%:None	81	93	+	14.2787	7.99e-06	0.00319	GTGGCTGGCACAT
MA0513.1	SMAD2::SMAD3::SMAD4	KE4-2-A01_R1+R2_[140/435]_rank2_%totalreads:32.18_percentile:98_%top5reads:38.25_%readsfilteredfor1%:38.25_%readsfilteredfor10%:41.79	82	94	+	14.2787	7.99e-06	0.00319	GTGGCTGGCACAT
MA0513.1	SMAD2::SMAD3::SMAD4	KE4-4-G02_R1+R2_[443/996]_rank1_%totalreads:44.48_percentile:100_%top5reads:52.86_%readsfilteredfor1%:53.31_%readsfilteredfor10%:54.89	82	94	+	14.2787	7.99e-06	0.00319	GTGGCTGGCACAT
MA0513.1	SMAD2::SMAD3::SMAD4	KE4-4-G10_R1+R2_[347/806]_rank1_%totalreads:43.05_percentile:100_%top5reads:51.03_%readsfilteredfor1%:51.64_%readsfilteredfor10%:52.5	82	94	+	14.2787	7.99e-06	0.00319	GTGGCTGGCACAT
MA0513.1	SMAD2::SMAD3::SMAD4	KE4-4-G02_R1+R2_[13/996]_rank3_%totalreads:1.31_percentile:98_%top5reads:1.55_%readsfilteredfor1%:1.56_%readsfilteredfor10%:None	83	95	+	14.2787	7.99e-06	0.00319	GTGGCTGGCACAT
MA0513.1	SMAD2::SMAD3::SMAD4	KE4-4-G10_R1+R2_[4/806]_rank4_%totalreads:0.5_percentile:97_%top5reads:0.59_%readsfilteredfor1%:None_%readsfilteredfor10%:None	83	95	+	14.2787	7.99e-06	0.00319	GTGGCTGGCACAT
MA0513.1	SMAD2::SMAD3::SMAD4	KE4-4-G10_R1+R2_[314/806]_rank2_%totalreads:38.96_percentile:99_%top5reads:46.18_%readsfilteredfor1%:46.73_%readsfilteredfor10%:47.5	84	96	+	14.2787	7.99e-06	0.00319	GTGGCTGGCACAT
MA0513.1	SMAD2::SMAD3::SMAD4	KE4-4-G02_R1+R2_[364/996]_rank2_%totalreads:36.55_percentile:99_%top5reads:43.44_%readsfilteredfor1%:43.8_%readsfilteredfor10%:45.11	84	96	+	14.2787	7.99e-06	0.00319	GTGGCTGGCACAT
MA0513.1	SMAD2::SMAD3::SMAD4	KE4-2-A01_R1+R2_[195/435]_rank1_%totalreads:44.83_percentile:100_%top5reads:53.28_%readsfilteredfor1%:53.28_%readsfilteredfor10%:58.21	86	98	+	14.2787	7.99e-06	0.00319	GTGGCTGGCACAT
MA0513.1	SMAD2::SMAD3::SMAD4	KE4-4-G02_R1+R2_[7/996]_rank5_%totalreads:0.7_percentile:97_%top5reads:0.84_%readsfilteredfor1%:None_%readsfilteredfor10%:None	86	98	+	14.2787	7.99e-06	0.00319	GTGGCTGGCACAT
MA0513.1	SMAD2::SMAD3::SMAD4	KE4-4-G10_R1+R2_[4/806]_rank5_%totalreads:0.5_percentile:97_%top5reads:0.59_%readsfilteredfor1%:None_%readsfilteredfor10%:None	78	90	-	14.2787	7.99e-06	0.00319	GTGGCTGGCACAT
MA0813.1	TFAP2B(var.3)	KE4-1-C02_R1+R2_[1/144]_rank4_%totalreads:0.69_percentile:48_%top5reads:1.05_%readsfilteredfor1%:None_%readsfilteredfor10%:None	127	139	+	14.3279	8.09e-06	0.0197	GGCCCTAAAGGCA
MA0812.1	TFAP2B(var.2)	KE4-1-C02_R1+R2_[1/144]_rank4_%totalreads:0.69_percentile:48_%top5reads:1.05_%readsfilteredfor1%:None_%readsfilteredfor10%:None	106	116	-	14.5556	8.79e-06	0.0444	CCCCTCAGGCT
MA0149.1	EWSR1-FLI1	KE4-4-G10_R1+R2_[4/806]_rank5_%totalreads:0.5_percentile:97_%top5reads:0.59_%readsfilteredfor1%:None_%readsfilteredfor10%:None	18	35	-	-5.45333	9.59e-06	0.00142	GGGGGGAAAAAAGGAAAG
MA0149.1	EWSR1-FLI1	KE4-1-C02_R1+R2_[82/144]_rank1_%totalreads:56.94_percentile:100_%top5reads:86.32_%readsfilteredfor1%:88.17_%readsfilteredfor10%:100.0	57	74	+	-5.45333	9.59e-06	0.00142	GGGGGGAAAAAAGGAAAG
MA0149.1	EWSR1-FLI1	KE4-1-C02_R1+R2_[1/144]_rank5_%totalreads:0.69_percentile:48_%top5reads:1.05_%readsfilteredfor1%:None_%readsfilteredfor10%:None	57	74	+	-5.45333	9.59e-06	0.00142	GGGGGGAAAAAAGGAAAG
MA0149.1	EWSR1-FLI1	KE4-4-G10_R1+R2_[11/806]_rank3_%totalreads:1.36_percentile:98_%top5reads:1.62_%readsfilteredfor1%:1.64_%readsfilteredfor10%:None	136	153	+	-5.45333	9.59e-06	0.00142	GGGGGGAAAAAAGGAAAG
MA0149.1	EWSR1-FLI1	KE4-2-A01_R1+R2_[5/435]_rank5_%totalreads:1.15_percentile:94_%top5reads:1.37_%readsfilteredfor1%:1.37_%readsfilteredfor10%:None	136	153	+	-5.45333	9.59e-06	0.00142	GGGGGGAAAAAAGGAAAG
MA0149.1	EWSR1-FLI1	KE4-4-G02_R1+R2_[11/996]_rank4_%totalreads:1.1_percentile:97_%top5reads:1.31_%readsfilteredfor1%:1.32_%readsfilteredfor10%:None	136	153	+	-5.45333	9.59e-06	0.00142	GGGGGGAAAAAAGGAAAG
MA0149.1	EWSR1-FLI1	KE4-4-G02_R1+R2_[443/996]_rank1_%totalreads:44.48_percentile:100_%top5reads:52.86_%readsfilteredfor1%:53.31_%readsfilteredfor10%:54.89	137	154	+	-5.45333	9.59e-06	0.00142	GGGGGGAAAAAAGGAAAG
MA0149.1	EWSR1-FLI1	KE4-4-G10_R1+R2_[347/806]_rank1_%totalreads:43.05_percentile:100_%top5reads:51.03_%readsfilteredfor1%:51.64_%readsfilteredfor10%:52.5	137	154	+	-5.45333	9.59e-06	0.00142	GGGGGGAAAAAAGGAAAG
MA0149.1	EWSR1-FLI1	KE4-2-A01_R1+R2_[140/435]_rank2_%totalreads:32.18_percentile:98_%top5reads:38.25_%readsfilteredfor1%:38.25_%readsfilteredfor10%:41.79	137	154	+	-5.45333	9.59e-06	0.00142	GGGGGGAAAAAAGGAAAG
MA0149.1	EWSR1-FLI1	KE4-4-G10_R1+R2_[4/806]_rank4_%totalreads:0.5_percentile:97_%top5reads:0.59_%readsfilteredfor1%:None_%readsfilteredfor10%:None	138	155	+	-5.45333	9.59e-06	0.00142	GGGGGGAAAAAAGGAAAG
MA0149.1	EWSR1-FLI1	KE4-4-G02_R1+R2_[13/996]_rank3_%totalreads:1.31_percentile:98_%top5reads:1.55_%readsfilteredfor1%:1.56_%readsfilteredfor10%:None	138	155	+	-5.45333	9.59e-06	0.00142	GGGGGGAAAAAAGGAAAG
MA0149.1	EWSR1-FLI1	KE4-4-G10_R1+R2_[314/806]_rank2_%totalreads:38.96_percentile:99_%top5reads:46.18_%readsfilteredfor1%:46.73_%readsfilteredfor10%:47.5	139	156	+	-5.45333	9.59e-06	0.00142	GGGGGGAAAAAAGGAAAG
MA0149.1	EWSR1-FLI1	KE4-4-G02_R1+R2_[364/996]_rank2_%totalreads:36.55_percentile:99_%top5reads:43.44_%readsfilteredfor1%:43.8_%readsfilteredfor10%:45.11	139	156	+	-5.45333	9.59e-06	0.00142	GGGGGGAAAAAAGGAAAG
MA0149.1	EWSR1-FLI1	KE4-4-G02_R1+R2_[7/996]_rank5_%totalreads:0.7_percentile:97_%top5reads:0.84_%readsfilteredfor1%:None_%readsfilteredfor10%:None	141	158	+	-5.45333	9.59e-06	0.00142	GGGGGGAAAAAAGGAAAG
MA0149.1	EWSR1-FLI1	KE4-2-A01_R1+R2_[195/435]_rank1_%totalreads:44.83_percentile:100_%top5reads:53.28_%readsfilteredfor1%:53.28_%readsfilteredfor10%:58.21	141	158	+	-5.45333	9.59e-06	0.00142	GGGGGGAAAAAAGGAAAG
MA0149.1	EWSR1-FLI1	KE4-1-C02_R1+R2_[1/144]_rank5_%totalreads:0.69_percentile:48_%top5reads:1.05_%readsfilteredfor1%:None_%readsfilteredfor10%:None	147	164	+	-5.45333	9.59e-06	0.00142	GGGGGGAAAAAAGGAAAG
MA0815.1	TFAP2C(var.3)	KE4-1-C02_R1+R2_[1/144]_rank4_%totalreads:0.69_percentile:48_%top5reads:1.05_%readsfilteredfor1%:None_%readsfilteredfor10%:None	127	139	-	13.6316	1.04e-05	0.0258	TGCCTTTAGGGCC
MA0815.1	TFAP2C(var.3)	KE4-1-C02_R1+R2_[1/144]_rank4_%totalreads:0.69_percentile:48_%top5reads:1.05_%readsfilteredfor1%:None_%readsfilteredfor10%:None	127	139	+	13.5614	1.08e-05	0.0258	GGCCCTAAAGGCA
MA0758.1	E2F7	KE4-4-G10_R1+R2_[4/806]_rank5_%totalreads:0.5_percentile:97_%top5reads:0.59_%readsfilteredfor1%:None_%readsfilteredfor10%:None	26	39	+	3.2623	1.09e-05	0.00339	TTTTCCCCCCTATT
MA0758.1	E2F7	KE4-4-G10_R1+R2_[11/806]_rank3_%totalreads:1.36_percentile:98_%top5reads:1.62_%readsfilteredfor1%:1.64_%readsfilteredfor10%:None	132	145	-	3.2623	1.09e-05	0.00339	TTTTCCCCCCTATT
MA0758.1	E2F7	KE4-4-G02_R1+R2_[11/996]_rank4_%totalreads:1.1_percentile:97_%top5reads:1.31_%readsfilteredfor1%:1.32_%readsfilteredfor10%:None	132	145	-	3.2623	1.09e-05	0.00339	TTTTCCCCCCTATT
MA0758.1	E2F7	KE4-2-A01_R1+R2_[5/435]_rank5_%totalreads:1.15_percentile:94_%top5reads:1.37_%readsfilteredfor1%:1.37_%readsfilteredfor10%:None	132	145	-	3.2623	1.09e-05	0.00339	TTTTCCCCCCTATT
MA0758.1	E2F7	KE4-4-G02_R1+R2_[443/996]_rank1_%totalreads:44.48_percentile:100_%top5reads:52.86_%readsfilteredfor1%:53.31_%readsfilteredfor10%:54.89	133	146	-	3.2623	1.09e-05	0.00339	TTTTCCCCCCTATT
MA0758.1	E2F7	KE4-2-A01_R1+R2_[140/435]_rank2_%totalreads:32.18_percentile:98_%top5reads:38.25_%readsfilteredfor1%:38.25_%readsfilteredfor10%:41.79	133	146	-	3.2623	1.09e-05	0.00339	TTTTCCCCCCTATT
MA0758.1	E2F7	KE4-4-G10_R1+R2_[347/806]_rank1_%totalreads:43.05_percentile:100_%top5reads:51.03_%readsfilteredfor1%:51.64_%readsfilteredfor10%:52.5	133	146	-	3.2623	1.09e-05	0.00339	TTTTCCCCCCTATT
MA0758.1	E2F7	KE4-4-G10_R1+R2_[4/806]_rank4_%totalreads:0.5_percentile:97_%top5reads:0.59_%readsfilteredfor1%:None_%readsfilteredfor10%:None	134	147	-	3.2623	1.09e-05	0.00339	TTTTCCCCCCTATT
MA0758.1	E2F7	KE4-4-G02_R1+R2_[13/996]_rank3_%totalreads:1.31_percentile:98_%top5reads:1.55_%readsfilteredfor1%:1.56_%readsfilteredfor10%:None	134	147	-	3.2623	1.09e-05	0.00339	TTTTCCCCCCTATT
MA0758.1	E2F7	KE4-4-G10_R1+R2_[314/806]_rank2_%totalreads:38.96_percentile:99_%top5reads:46.18_%readsfilteredfor1%:46.73_%readsfilteredfor10%:47.5	135	148	-	3.2623	1.09e-05	0.00339	TTTTCCCCCCTATT
MA0758.1	E2F7	KE4-4-G02_R1+R2_[364/996]_rank2_%totalreads:36.55_percentile:99_%top5reads:43.44_%readsfilteredfor1%:43.8_%readsfilteredfor10%:45.11	135	148	-	3.2623	1.09e-05	0.00339	TTTTCCCCCCTATT
MA0758.1	E2F7	KE4-4-G02_R1+R2_[7/996]_rank5_%totalreads:0.7_percentile:97_%top5reads:0.84_%readsfilteredfor1%:None_%readsfilteredfor10%:None	137	150	-	3.2623	1.09e-05	0.00339	TTTTCCCCCCTATT
MA0758.1	E2F7	KE4-2-A01_R1+R2_[195/435]_rank1_%totalreads:44.83_percentile:100_%top5reads:53.28_%readsfilteredfor1%:53.28_%readsfilteredfor10%:58.21	137	150	-	3.2623	1.09e-05	0.00339	TTTTCCCCCCTATT
MA0814.1	TFAP2C(var.2)	KE4-1-C02_R1+R2_[1/144]_rank4_%totalreads:0.69_percentile:48_%top5reads:1.05_%readsfilteredfor1%:None_%readsfilteredfor10%:None	106	116	-	13.7843	1.22e-05	0.0435	CCCCTCAGGCT
MA0117.2	Mafb	KE4-2-A01_R1+R2_[5/435]_rank5_%totalreads:1.15_percentile:94_%top5reads:1.37_%readsfilteredfor1%:1.37_%readsfilteredfor10%:None	100	111	+	13.4432	1.25e-05	0.0051	GATGTGCTGACA
MA0117.2	Mafb	KE4-4-G10_R1+R2_[11/806]_rank3_%totalreads:1.36_percentile:98_%top5reads:1.62_%readsfilteredfor1%:1.64_%readsfilteredfor10%:None	100	111	+	13.4432	1.25e-05	0.0051	GATGTGCTGACA
MA0117.2	Mafb	KE4-4-G02_R1+R2_[11/996]_rank4_%totalreads:1.1_percentile:97_%top5reads:1.31_%readsfilteredfor1%:1.32_%readsfilteredfor10%:None	100	111	+	13.4432	1.25e-05	0.0051	GATGTGCTGACA
MA0117.2	Mafb	KE4-2-A01_R1+R2_[140/435]_rank2_%totalreads:32.18_percentile:98_%top5reads:38.25_%readsfilteredfor1%:38.25_%readsfilteredfor10%:41.79	101	112	+	13.4432	1.25e-05	0.0051	GATGTGCTGACA
MA0117.2	Mafb	KE4-4-G02_R1+R2_[443/996]_rank1_%totalreads:44.48_percentile:100_%top5reads:52.86_%readsfilteredfor1%:53.31_%readsfilteredfor10%:54.89	101	112	+	13.4432	1.25e-05	0.0051	GATGTGCTGACA
MA0117.2	Mafb	KE4-4-G10_R1+R2_[347/806]_rank1_%totalreads:43.05_percentile:100_%top5reads:51.03_%readsfilteredfor1%:51.64_%readsfilteredfor10%:52.5	101	112	+	13.4432	1.25e-05	0.0051	GATGTGCTGACA
MA0117.2	Mafb	KE4-4-G02_R1+R2_[13/996]_rank3_%totalreads:1.31_percentile:98_%top5reads:1.55_%readsfilteredfor1%:1.56_%readsfilteredfor10%:None	102	113	+	13.4432	1.25e-05	0.0051	GATGTGCTGACA
MA0117.2	Mafb	KE4-4-G10_R1+R2_[4/806]_rank4_%totalreads:0.5_percentile:97_%top5reads:0.59_%readsfilteredfor1%:None_%readsfilteredfor10%:None	102	113	+	13.4432	1.25e-05	0.0051	GATGTGCTGACA
MA0117.2	Mafb	KE4-4-G10_R1+R2_[314/806]_rank2_%totalreads:38.96_percentile:99_%top5reads:46.18_%readsfilteredfor1%:46.73_%readsfilteredfor10%:47.5	103	114	+	13.4432	1.25e-05	0.0051	GATGTGCTGACA
MA0117.2	Mafb	KE4-4-G02_R1+R2_[364/996]_rank2_%totalreads:36.55_percentile:99_%top5reads:43.44_%readsfilteredfor1%:43.8_%readsfilteredfor10%:45.11	103	114	+	13.4432	1.25e-05	0.0051	GATGTGCTGACA
MA0117.2	Mafb	KE4-2-A01_R1+R2_[195/435]_rank1_%totalreads:44.83_percentile:100_%top5reads:53.28_%readsfilteredfor1%:53.28_%readsfilteredfor10%:58.21	105	116	+	13.4432	1.25e-05	0.0051	GATGTGCTGACA
MA0117.2	Mafb	KE4-4-G02_R1+R2_[7/996]_rank5_%totalreads:0.7_percentile:97_%top5reads:0.84_%readsfilteredfor1%:None_%readsfilteredfor10%:None	105	116	+	13.4432	1.25e-05	0.0051	GATGTGCTGACA
MA0117.2	Mafb	KE4-4-G10_R1+R2_[4/806]_rank5_%totalreads:0.5_percentile:97_%top5reads:0.59_%readsfilteredfor1%:None_%readsfilteredfor10%:None	60	71	-	13.4432	1.25e-05	0.0051	GATGTGCTGACA
MA0872.1	TFAP2A(var.3)	KE4-1-C02_R1+R2_[1/144]_rank4_%totalreads:0.69_percentile:48_%top5reads:1.05_%readsfilteredfor1%:None_%readsfilteredfor10%:None	127	139	-	13.2131	1.34e-05	0.0329	TGCCTTTAGGGCC
MA0872.1	TFAP2A(var.3)	KE4-1-C02_R1+R2_[1/144]_rank4_%totalreads:0.69_percentile:48_%top5reads:1.05_%readsfilteredfor1%:None_%readsfilteredfor10%:None	127	139	+	13.1639	1.38e-05	0.0329	GGCCCTAAAGGCA
MA0865.1	E2F8	KE4-4-G10_R1+R2_[4/806]_rank5_%totalreads:0.5_percentile:97_%top5reads:0.59_%readsfilteredfor1%:None_%readsfilteredfor10%:None	27	38	+	8.92593	1.41e-05	0.00453	TTTCCCCCCTAT
MA0865.1	E2F8	KE4-4-G02_R1+R2_[11/996]_rank4_%totalreads:1.1_percentile:97_%top5reads:1.31_%readsfilteredfor1%:1.32_%readsfilteredfor10%:None	133	144	-	8.92593	1.41e-05	0.00453	TTTCCCCCCTAT
MA0865.1	E2F8	KE4-4-G10_R1+R2_[11/806]_rank3_%totalreads:1.36_percentile:98_%top5reads:1.62_%readsfilteredfor1%:1.64_%readsfilteredfor10%:None	133	144	-	8.92593	1.41e-05	0.00453	TTTCCCCCCTAT
MA0865.1	E2F8	KE4-2-A01_R1+R2_[5/435]_rank5_%totalreads:1.15_percentile:94_%top5reads:1.37_%readsfilteredfor1%:1.37_%readsfilteredfor10%:None	133	144	-	8.92593	1.41e-05	0.00453	TTTCCCCCCTAT
MA0865.1	E2F8	KE4-4-G10_R1+R2_[347/806]_rank1_%totalreads:43.05_percentile:100_%top5reads:51.03_%readsfilteredfor1%:51.64_%readsfilteredfor10%:52.5	134	145	-	8.92593	1.41e-05	0.00453	TTTCCCCCCTAT
MA0865.1	E2F8	KE4-4-G02_R1+R2_[443/996]_rank1_%totalreads:44.48_percentile:100_%top5reads:52.86_%readsfilteredfor1%:53.31_%readsfilteredfor10%:54.89	134	145	-	8.92593	1.41e-05	0.00453	TTTCCCCCCTAT
MA0865.1	E2F8	KE4-2-A01_R1+R2_[140/435]_rank2_%totalreads:32.18_percentile:98_%top5reads:38.25_%readsfilteredfor1%:38.25_%readsfilteredfor10%:41.79	134	145	-	8.92593	1.41e-05	0.00453	TTTCCCCCCTAT
MA0865.1	E2F8	KE4-4-G02_R1+R2_[13/996]_rank3_%totalreads:1.31_percentile:98_%top5reads:1.55_%readsfilteredfor1%:1.56_%readsfilteredfor10%:None	135	146	-	8.92593	1.41e-05	0.00453	TTTCCCCCCTAT
MA0865.1	E2F8	KE4-4-G10_R1+R2_[4/806]_rank4_%totalreads:0.5_percentile:97_%top5reads:0.59_%readsfilteredfor1%:None_%readsfilteredfor10%:None	135	146	-	8.92593	1.41e-05	0.00453	TTTCCCCCCTAT
MA0865.1	E2F8	KE4-4-G02_R1+R2_[364/996]_rank2_%totalreads:36.55_percentile:99_%top5reads:43.44_%readsfilteredfor1%:43.8_%readsfilteredfor10%:45.11	136	147	-	8.92593	1.41e-05	0.00453	TTTCCCCCCTAT
MA0865.1	E2F8	KE4-4-G10_R1+R2_[314/806]_rank2_%totalreads:38.96_percentile:99_%top5reads:46.18_%readsfilteredfor1%:46.73_%readsfilteredfor10%:47.5	136	147	-	8.92593	1.41e-05	0.00453	TTTCCCCCCTAT
MA0865.1	E2F8	KE4-4-G02_R1+R2_[7/996]_rank5_%totalreads:0.7_percentile:97_%top5reads:0.84_%readsfilteredfor1%:None_%readsfilteredfor10%:None	138	149	-	8.92593	1.41e-05	0.00453	TTTCCCCCCTAT
MA0865.1	E2F8	KE4-2-A01_R1+R2_[195/435]_rank1_%totalreads:44.83_percentile:100_%top5reads:53.28_%readsfilteredfor1%:53.28_%readsfilteredfor10%:58.21	138	149	-	8.92593	1.41e-05	0.00453	TTTCCCCCCTAT
MA0077.1	SOX9	KE4-4-G02_R1+R2_[13/996]_rank3_%totalreads:1.31_percentile:98_%top5reads:1.55_%readsfilteredfor1%:1.56_%readsfilteredfor10%:None	20	28	+	12.642	1.53e-05	0.0162	CTATTGTTC
MA0077.1	SOX9	KE4-4-G02_R1+R2_[11/996]_rank4_%totalreads:1.1_percentile:97_%top5reads:1.31_%readsfilteredfor1%:1.32_%readsfilteredfor10%:None	20	28	+	12.642	1.53e-05	0.0162	CTATTGTTC
MA0077.1	SOX9	KE4-4-G10_R1+R2_[11/806]_rank3_%totalreads:1.36_percentile:98_%top5reads:1.62_%readsfilteredfor1%:1.64_%readsfilteredfor10%:None	20	28	+	12.642	1.53e-05	0.0162	CTATTGTTC
MA0077.1	SOX9	KE4-4-G10_R1+R2_[4/806]_rank4_%totalreads:0.5_percentile:97_%top5reads:0.59_%readsfilteredfor1%:None_%readsfilteredfor10%:None	20	28	+	12.642	1.53e-05	0.0162	CTATTGTTC
MA0077.1	SOX9	KE4-2-A01_R1+R2_[5/435]_rank5_%totalreads:1.15_percentile:94_%top5reads:1.37_%readsfilteredfor1%:1.37_%readsfilteredfor10%:None	20	28	+	12.642	1.53e-05	0.0162	CTATTGTTC
MA0148.3	FOXA1	KE4-1-C02_R1+R2_[1/144]_rank4_%totalreads:0.69_percentile:48_%top5reads:1.05_%readsfilteredfor1%:None_%readsfilteredfor10%:None	96	110	-	13.6122	1.55e-05	0.0791	AGGCTGTTTACCCAG
MA0814.1	TFAP2C(var.2)	KE4-1-C02_R1+R2_[1/144]_rank4_%totalreads:0.69_percentile:48_%top5reads:1.05_%readsfilteredfor1%:None_%readsfilteredfor10%:None	106	116	+	13.3725	1.7e-05	0.0435	AGCCTGAGGGG
MA0811.1	TFAP2B	KE4-1-C02_R1+R2_[1/144]_rank4_%totalreads:0.69_percentile:48_%top5reads:1.05_%readsfilteredfor1%:None_%readsfilteredfor10%:None	106	117	-	13.0741	1.88e-05	0.0112	TCCCCTCAGGCT
MA0812.1	TFAP2B(var.2)	KE4-1-C02_R1+R2_[1/144]_rank4_%totalreads:0.69_percentile:48_%top5reads:1.05_%readsfilteredfor1%:None_%readsfilteredfor10%:None	106	116	+	13.1667	1.97e-05	0.0497	AGCCTGAGGGG
MA0821.1	HES5	KE4-1-C02_R1+R2_[1/144]_rank4_%totalreads:0.69_percentile:48_%top5reads:1.05_%readsfilteredfor1%:None_%readsfilteredfor10%:None	135	146	-	6.4386	2.02e-05	0.101	AGACAAGTGCCT
MA0593.1	FOXP2	KE4-1-C02_R1+R2_[1/144]_rank4_%totalreads:0.69_percentile:48_%top5reads:1.05_%readsfilteredfor1%:None_%readsfilteredfor10%:None	98	108	+	13.5692	2.26e-05	0.119	GGGTAAACAGC
MA0805.1	TBX1	KE4-1-C02_R1+R2_[1/144]_rank4_%totalreads:0.69_percentile:48_%top5reads:1.05_%readsfilteredfor1%:None_%readsfilteredfor10%:None	13	20	-	12.2941	2.27e-05	0.118	GGGTGTGA
MA0803.1	TBX15	KE4-1-C02_R1+R2_[1/144]_rank4_%totalreads:0.69_percentile:48_%top5reads:1.05_%readsfilteredfor1%:None_%readsfilteredfor10%:None	13	20	-	12.1176	2.27e-05	0.117	GGGTGTGA
MA0801.1	MGA	KE4-1-C02_R1+R2_[1/144]_rank4_%totalreads:0.69_percentile:48_%top5reads:1.05_%readsfilteredfor1%:None_%readsfilteredfor10%:None	13	20	-	13.1846	2.27e-05	0.121	GGGTGTGA
MA0524.2	TFAP2C	KE4-1-C02_R1+R2_[1/144]_rank4_%totalreads:0.69_percentile:48_%top5reads:1.05_%readsfilteredfor1%:None_%readsfilteredfor10%:None	106	117	+	12.7216	2.3e-05	0.00765	AGCCTGAGGGGA
MA0741.1	KLF16	KE4-1-C02_R1+R2_[1/144]_rank4_%totalreads:0.69_percentile:48_%top5reads:1.05_%readsfilteredfor1%:None_%readsfilteredfor10%:None	12	22	+	12.2105	2.34e-05	0.116	ATCACACCCCC
MA0524.2	TFAP2C	KE4-1-C02_R1+R2_[1/144]_rank4_%totalreads:0.69_percentile:48_%top5reads:1.05_%readsfilteredfor1%:None_%readsfilteredfor10%:None	106	117	-	12.6392	2.45e-05	0.00765	TCCCCTCAGGCT
MA0800.1	EOMES	KE4-1-C02_R1+R2_[1/144]_rank4_%totalreads:0.69_percentile:48_%top5reads:1.05_%readsfilteredfor1%:None_%readsfilteredfor10%:None	9	21	-	12.6667	2.49e-05	0.128	GGGGTGTGATATG
MA0003.3	TFAP2A	KE4-1-C02_R1+R2_[1/144]_rank4_%totalreads:0.69_percentile:48_%top5reads:1.05_%readsfilteredfor1%:None_%readsfilteredfor10%:None	106	116	+	12.8333	2.53e-05	0.0607	AGCCTGAGGGG
MA0154.3	EBF1	KE4-1-C02_R1+R2_[1/144]_rank4_%totalreads:0.69_percentile:48_%top5reads:1.05_%readsfilteredfor1%:None_%readsfilteredfor10%:None	91	104	+	11.0492	2.64e-05	0.133	ATTCCCTGGGTAAA
MA0616.1	Hes2	KE4-1-C02_R1+R2_[1/144]_rank4_%totalreads:0.69_percentile:48_%top5reads:1.05_%readsfilteredfor1%:None_%readsfilteredfor10%:None	137	149	-	11.8065	2.67e-05	0.136	TATAGACAAGTGC
MA0811.1	TFAP2B	KE4-1-C02_R1+R2_[1/144]_rank4_%totalreads:0.69_percentile:48_%top5reads:1.05_%readsfilteredfor1%:None_%readsfilteredfor10%:None	106	117	+	12.1667	3.44e-05	0.0112	AGCCTGAGGGGA
MA0746.1	SP3	KE4-1-C02_R1+R2_[1/144]_rank4_%totalreads:0.69_percentile:48_%top5reads:1.05_%readsfilteredfor1%:None_%readsfilteredfor10%:None	12	22	+	11.9256	3.57e-05	0.174	ATCACACCCCC
MA0865.1	E2F8	KE4-1-C02_R1+R2_[82/144]_rank1_%totalreads:56.94_percentile:100_%top5reads:86.32_%readsfilteredfor1%:88.17_%readsfilteredfor10%:100.0	55	66	-	6.64198	3.6e-05	0.00975	TTTTCCCCCCAA
MA0865.1	E2F8	KE4-1-C02_R1+R2_[1/144]_rank5_%totalreads:0.69_percentile:48_%top5reads:1.05_%readsfilteredfor1%:None_%readsfilteredfor10%:None	55	66	-	6.64198	3.6e-05	0.00975	TTTTCCCCCCAA
MA0865.1	E2F8	KE4-1-C02_R1+R2_[1/144]_rank5_%totalreads:0.69_percentile:48_%top5reads:1.05_%readsfilteredfor1%:None_%readsfilteredfor10%:None	145	156	-	6.64198	3.6e-05	0.00975	TTTTCCCCCCAA
MA0810.1	TFAP2A(var.2)	KE4-4-G10_R1+R2_[4/806]_rank4_%totalreads:0.5_percentile:97_%top5reads:0.59_%readsfilteredfor1%:None_%readsfilteredfor10%:None	35	46	+	12.0556	3.77e-05	0.011	TGCCCTAGAGCA
MA0810.1	TFAP2A(var.2)	KE4-4-G10_R1+R2_[11/806]_rank3_%totalreads:1.36_percentile:98_%top5reads:1.62_%readsfilteredfor1%:1.64_%readsfilteredfor10%:None	35	46	+	12.0556	3.77e-05	0.011	TGCCCTAGAGCA
MA0810.1	TFAP2A(var.2)	KE4-2-A01_R1+R2_[5/435]_rank5_%totalreads:1.15_percentile:94_%top5reads:1.37_%readsfilteredfor1%:1.37_%readsfilteredfor10%:None	35	46	+	12.0556	3.77e-05	0.011	TGCCCTAGAGCA
MA0810.1	TFAP2A(var.2)	KE4-4-G02_R1+R2_[13/996]_rank3_%totalreads:1.31_percentile:98_%top5reads:1.55_%readsfilteredfor1%:1.56_%readsfilteredfor10%:None	35	46	+	12.0556	3.77e-05	0.011	TGCCCTAGAGCA
MA0810.1	TFAP2A(var.2)	KE4-4-G02_R1+R2_[11/996]_rank4_%totalreads:1.1_percentile:97_%top5reads:1.31_%readsfilteredfor1%:1.32_%readsfilteredfor10%:None	35	46	+	12.0556	3.77e-05	0.011	TGCCCTAGAGCA
MA0810.1	TFAP2A(var.2)	KE4-4-G10_R1+R2_[314/806]_rank2_%totalreads:38.96_percentile:99_%top5reads:46.18_%readsfilteredfor1%:46.73_%readsfilteredfor10%:47.5	36	47	+	12.0556	3.77e-05	0.011	TGCCCTAGAGCA
MA0810.1	TFAP2A(var.2)	KE4-2-A01_R1+R2_[140/435]_rank2_%totalreads:32.18_percentile:98_%top5reads:38.25_%readsfilteredfor1%:38.25_%readsfilteredfor10%:41.79	36	47	+	12.0556	3.77e-05	0.011	TGCCCTAGAGCA
MA0810.1	TFAP2A(var.2)	KE4-1-C02_R1+R2_[1/144]_rank5_%totalreads:0.69_percentile:48_%top5reads:1.05_%readsfilteredfor1%:None_%readsfilteredfor10%:None	36	47	+	12.0556	3.77e-05	0.011	TGCCCTAGAGCA
MA0810.1	TFAP2A(var.2)	KE4-2-A01_R1+R2_[195/435]_rank1_%totalreads:44.83_percentile:100_%top5reads:53.28_%readsfilteredfor1%:53.28_%readsfilteredfor10%:58.21	36	47	+	12.0556	3.77e-05	0.011	TGCCCTAGAGCA
MA0810.1	TFAP2A(var.2)	KE4-4-G02_R1+R2_[7/996]_rank5_%totalreads:0.7_percentile:97_%top5reads:0.84_%readsfilteredfor1%:None_%readsfilteredfor10%:None	36	47	+	12.0556	3.77e-05	0.011	TGCCCTAGAGCA
MA0810.1	TFAP2A(var.2)	KE4-4-G10_R1+R2_[347/806]_rank1_%totalreads:43.05_percentile:100_%top5reads:51.03_%readsfilteredfor1%:51.64_%readsfilteredfor10%:52.5	36	47	+	12.0556	3.77e-05	0.011	TGCCCTAGAGCA
MA0810.1	TFAP2A(var.2)	KE4-4-G02_R1+R2_[364/996]_rank2_%totalreads:36.55_percentile:99_%top5reads:43.44_%readsfilteredfor1%:43.8_%readsfilteredfor10%:45.11	36	47	+	12.0556	3.77e-05	0.011	TGCCCTAGAGCA
MA0810.1	TFAP2A(var.2)	KE4-4-G02_R1+R2_[443/996]_rank1_%totalreads:44.48_percentile:100_%top5reads:52.86_%readsfilteredfor1%:53.31_%readsfilteredfor10%:54.89	36	47	+	12.0556	3.77e-05	0.011	TGCCCTAGAGCA
MA0810.1	TFAP2A(var.2)	KE4-1-C02_R1+R2_[82/144]_rank1_%totalreads:56.94_percentile:100_%top5reads:86.32_%readsfilteredfor1%:88.17_%readsfilteredfor10%:100.0	36	47	+	12.0556	3.77e-05	0.011	TGCCCTAGAGCA
MA0810.1	TFAP2A(var.2)	KE4-1-C02_R1+R2_[1/144]_rank5_%totalreads:0.69_percentile:48_%top5reads:1.05_%readsfilteredfor1%:None_%readsfilteredfor10%:None	126	137	+	12.0556	3.77e-05	0.011	TGCCCTAGAGCA
MA0810.1	TFAP2A(var.2)	KE4-4-G10_R1+R2_[4/806]_rank5_%totalreads:0.5_percentile:97_%top5reads:0.59_%readsfilteredfor1%:None_%readsfilteredfor10%:None	127	138	-	12.0556	3.77e-05	0.011	TGCCCTAGAGCA
MA0747.1	SP8	KE4-1-C02_R1+R2_[1/144]_rank4_%totalreads:0.69_percentile:48_%top5reads:1.05_%readsfilteredfor1%:None_%readsfilteredfor10%:None	14	25	+	11.6	3.86e-05	0.193	CACACCCCCAGT
MA0688.1	TBX2	KE4-1-C02_R1+R2_[1/144]_rank4_%totalreads:0.69_percentile:48_%top5reads:1.05_%readsfilteredfor1%:None_%readsfilteredfor10%:None	11	21	-	11.8519	3.88e-05	0.21	GGGGTGTGATA
MA0524.2	TFAP2C	KE4-4-G10_R1+R2_[11/806]_rank3_%totalreads:1.36_percentile:98_%top5reads:1.62_%readsfilteredfor1%:1.64_%readsfilteredfor10%:None	35	46	+	11.9485	3.91e-05	0.00765	TGCCCTAGAGCA
MA0524.2	TFAP2C	KE4-4-G10_R1+R2_[4/806]_rank4_%totalreads:0.5_percentile:97_%top5reads:0.59_%readsfilteredfor1%:None_%readsfilteredfor10%:None	35	46	+	11.9485	3.91e-05	0.00765	TGCCCTAGAGCA
MA0524.2	TFAP2C	KE4-4-G02_R1+R2_[13/996]_rank3_%totalreads:1.31_percentile:98_%top5reads:1.55_%readsfilteredfor1%:1.56_%readsfilteredfor10%:None	35	46	+	11.9485	3.91e-05	0.00765	TGCCCTAGAGCA
MA0524.2	TFAP2C	KE4-4-G02_R1+R2_[11/996]_rank4_%totalreads:1.1_percentile:97_%top5reads:1.31_%readsfilteredfor1%:1.32_%readsfilteredfor10%:None	35	46	+	11.9485	3.91e-05	0.00765	TGCCCTAGAGCA
MA0524.2	TFAP2C	KE4-2-A01_R1+R2_[5/435]_rank5_%totalreads:1.15_percentile:94_%top5reads:1.37_%readsfilteredfor1%:1.37_%readsfilteredfor10%:None	35	46	+	11.9485	3.91e-05	0.00765	TGCCCTAGAGCA
MA0524.2	TFAP2C	KE4-4-G10_R1+R2_[347/806]_rank1_%totalreads:43.05_percentile:100_%top5reads:51.03_%readsfilteredfor1%:51.64_%readsfilteredfor10%:52.5	36	47	+	11.9485	3.91e-05	0.00765	TGCCCTAGAGCA
MA0524.2	TFAP2C	KE4-2-A01_R1+R2_[195/435]_rank1_%totalreads:44.83_percentile:100_%top5reads:53.28_%readsfilteredfor1%:53.28_%readsfilteredfor10%:58.21	36	47	+	11.9485	3.91e-05	0.00765	TGCCCTAGAGCA
MA0524.2	TFAP2C	KE4-2-A01_R1+R2_[140/435]_rank2_%totalreads:32.18_percentile:98_%top5reads:38.25_%readsfilteredfor1%:38.25_%readsfilteredfor10%:41.79	36	47	+	11.9485	3.91e-05	0.00765	TGCCCTAGAGCA
MA0524.2	TFAP2C	KE4-1-C02_R1+R2_[1/144]_rank5_%totalreads:0.69_percentile:48_%top5reads:1.05_%readsfilteredfor1%:None_%readsfilteredfor10%:None	36	47	+	11.9485	3.91e-05	0.00765	TGCCCTAGAGCA
MA0524.2	TFAP2C	KE4-4-G10_R1+R2_[314/806]_rank2_%totalreads:38.96_percentile:99_%top5reads:46.18_%readsfilteredfor1%:46.73_%readsfilteredfor10%:47.5	36	47	+	11.9485	3.91e-05	0.00765	TGCCCTAGAGCA
MA0524.2	TFAP2C	KE4-4-G02_R1+R2_[7/996]_rank5_%totalreads:0.7_percentile:97_%top5reads:0.84_%readsfilteredfor1%:None_%readsfilteredfor10%:None	36	47	+	11.9485	3.91e-05	0.00765	TGCCCTAGAGCA
MA0524.2	TFAP2C	KE4-1-C02_R1+R2_[82/144]_rank1_%totalreads:56.94_percentile:100_%top5reads:86.32_%readsfilteredfor1%:88.17_%readsfilteredfor10%:100.0	36	47	+	11.9485	3.91e-05	0.00765	TGCCCTAGAGCA
MA0524.2	TFAP2C	KE4-4-G02_R1+R2_[364/996]_rank2_%totalreads:36.55_percentile:99_%top5reads:43.44_%readsfilteredfor1%:43.8_%readsfilteredfor10%:45.11	36	47	+	11.9485	3.91e-05	0.00765	TGCCCTAGAGCA
MA0524.2	TFAP2C	KE4-4-G02_R1+R2_[443/996]_rank1_%totalreads:44.48_percentile:100_%top5reads:52.86_%readsfilteredfor1%:53.31_%readsfilteredfor10%:54.89	36	47	+	11.9485	3.91e-05	0.00765	TGCCCTAGAGCA
MA0524.2	TFAP2C	KE4-1-C02_R1+R2_[1/144]_rank5_%totalreads:0.69_percentile:48_%top5reads:1.05_%readsfilteredfor1%:None_%readsfilteredfor10%:None	126	137	+	11.9485	3.91e-05	0.00765	TGCCCTAGAGCA
MA0524.2	TFAP2C	KE4-4-G10_R1+R2_[4/806]_rank5_%totalreads:0.5_percentile:97_%top5reads:0.59_%readsfilteredfor1%:None_%readsfilteredfor10%:None	127	138	-	11.9485	3.91e-05	0.00765	TGCCCTAGAGCA
MA0811.1	TFAP2B	KE4-4-G10_R1+R2_[11/806]_rank3_%totalreads:1.36_percentile:98_%top5reads:1.62_%readsfilteredfor1%:1.64_%readsfilteredfor10%:None	35	46	+	11.9815	3.97e-05	0.0112	TGCCCTAGAGCA
MA0811.1	TFAP2B	KE4-4-G10_R1+R2_[4/806]_rank4_%totalreads:0.5_percentile:97_%top5reads:0.59_%readsfilteredfor1%:None_%readsfilteredfor10%:None	35	46	+	11.9815	3.97e-05	0.0112	TGCCCTAGAGCA
MA0811.1	TFAP2B	KE4-4-G02_R1+R2_[13/996]_rank3_%totalreads:1.31_percentile:98_%top5reads:1.55_%readsfilteredfor1%:1.56_%readsfilteredfor10%:None	35	46	+	11.9815	3.97e-05	0.0112	TGCCCTAGAGCA
MA0811.1	TFAP2B	KE4-4-G02_R1+R2_[11/996]_rank4_%totalreads:1.1_percentile:97_%top5reads:1.31_%readsfilteredfor1%:1.32_%readsfilteredfor10%:None	35	46	+	11.9815	3.97e-05	0.0112	TGCCCTAGAGCA
MA0811.1	TFAP2B	KE4-2-A01_R1+R2_[5/435]_rank5_%totalreads:1.15_percentile:94_%top5reads:1.37_%readsfilteredfor1%:1.37_%readsfilteredfor10%:None	35	46	+	11.9815	3.97e-05	0.0112	TGCCCTAGAGCA
MA0811.1	TFAP2B	KE4-4-G10_R1+R2_[347/806]_rank1_%totalreads:43.05_percentile:100_%top5reads:51.03_%readsfilteredfor1%:51.64_%readsfilteredfor10%:52.5	36	47	+	11.9815	3.97e-05	0.0112	TGCCCTAGAGCA
MA0811.1	TFAP2B	KE4-2-A01_R1+R2_[195/435]_rank1_%totalreads:44.83_percentile:100_%top5reads:53.28_%readsfilteredfor1%:53.28_%readsfilteredfor10%:58.21	36	47	+	11.9815	3.97e-05	0.0112	TGCCCTAGAGCA
MA0811.1	TFAP2B	KE4-2-A01_R1+R2_[140/435]_rank2_%totalreads:32.18_percentile:98_%top5reads:38.25_%readsfilteredfor1%:38.25_%readsfilteredfor10%:41.79	36	47	+	11.9815	3.97e-05	0.0112	TGCCCTAGAGCA
MA0811.1	TFAP2B	KE4-1-C02_R1+R2_[1/144]_rank5_%totalreads:0.69_percentile:48_%top5reads:1.05_%readsfilteredfor1%:None_%readsfilteredfor10%:None	36	47	+	11.9815	3.97e-05	0.0112	TGCCCTAGAGCA
MA0811.1	TFAP2B	KE4-4-G10_R1+R2_[314/806]_rank2_%totalreads:38.96_percentile:99_%top5reads:46.18_%readsfilteredfor1%:46.73_%readsfilteredfor10%:47.5	36	47	+	11.9815	3.97e-05	0.0112	TGCCCTAGAGCA
MA0811.1	TFAP2B	KE4-4-G02_R1+R2_[7/996]_rank5_%totalreads:0.7_percentile:97_%top5reads:0.84_%readsfilteredfor1%:None_%readsfilteredfor10%:None	36	47	+	11.9815	3.97e-05	0.0112	TGCCCTAGAGCA
MA0811.1	TFAP2B	KE4-1-C02_R1+R2_[82/144]_rank1_%totalreads:56.94_percentile:100_%top5reads:86.32_%readsfilteredfor1%:88.17_%readsfilteredfor10%:100.0	36	47	+	11.9815	3.97e-05	0.0112	TGCCCTAGAGCA
MA0811.1	TFAP2B	KE4-4-G02_R1+R2_[364/996]_rank2_%totalreads:36.55_percentile:99_%top5reads:43.44_%readsfilteredfor1%:43.8_%readsfilteredfor10%:45.11	36	47	+	11.9815	3.97e-05	0.0112	TGCCCTAGAGCA
MA0811.1	TFAP2B	KE4-4-G02_R1+R2_[443/996]_rank1_%totalreads:44.48_percentile:100_%top5reads:52.86_%readsfilteredfor1%:53.31_%readsfilteredfor10%:54.89	36	47	+	11.9815	3.97e-05	0.0112	TGCCCTAGAGCA
MA0811.1	TFAP2B	KE4-1-C02_R1+R2_[1/144]_rank5_%totalreads:0.69_percentile:48_%top5reads:1.05_%readsfilteredfor1%:None_%readsfilteredfor10%:None	126	137	+	11.9815	3.97e-05	0.0112	TGCCCTAGAGCA
MA0811.1	TFAP2B	KE4-4-G10_R1+R2_[4/806]_rank5_%totalreads:0.5_percentile:97_%top5reads:0.59_%readsfilteredfor1%:None_%readsfilteredfor10%:None	127	138	-	11.9815	3.97e-05	0.0112	TGCCCTAGAGCA
MA0689.1	TBX20	KE4-1-C02_R1+R2_[1/144]_rank4_%totalreads:0.69_percentile:48_%top5reads:1.05_%readsfilteredfor1%:None_%readsfilteredfor10%:None	11	21	-	11.6923	4.06e-05	0.214	GGGGTGTGATA
MA0740.1	KLF14	KE4-1-C02_R1+R2_[1/144]_rank4_%totalreads:0.69_percentile:48_%top5reads:1.05_%readsfilteredfor1%:None_%readsfilteredfor10%:None	11	24	+	9.45614	4.2e-05	0.203	TATCACACCCCCAG
MA0517.1	STAT1::STAT2	KE4-4-G10_R1+R2_[4/806]_rank5_%totalreads:0.5_percentile:97_%top5reads:0.59_%readsfilteredfor1%:None_%readsfilteredfor10%:None	15	29	+	10.8	4.22e-05	0.0128	TCTCTTTCCTTTTTT
MA0517.1	STAT1::STAT2	KE4-1-C02_R1+R2_[1/144]_rank5_%totalreads:0.69_percentile:48_%top5reads:1.05_%readsfilteredfor1%:None_%readsfilteredfor10%:None	63	77	-	10.8	4.22e-05	0.0128	TCTCTTTCCTTTTTT
MA0517.1	STAT1::STAT2	KE4-1-C02_R1+R2_[82/144]_rank1_%totalreads:56.94_percentile:100_%top5reads:86.32_%readsfilteredfor1%:88.17_%readsfilteredfor10%:100.0	63	77	-	10.8	4.22e-05	0.0128	TCTCTTTCCTTTTTT
MA0517.1	STAT1::STAT2	KE4-4-G02_R1+R2_[11/996]_rank4_%totalreads:1.1_percentile:97_%top5reads:1.31_%readsfilteredfor1%:1.32_%readsfilteredfor10%:None	142	156	-	10.8	4.22e-05	0.0128	TCTCTTTCCTTTTTT
MA0517.1	STAT1::STAT2	KE4-2-A01_R1+R2_[5/435]_rank5_%totalreads:1.15_percentile:94_%top5reads:1.37_%readsfilteredfor1%:1.37_%readsfilteredfor10%:None	142	156	-	10.8	4.22e-05	0.0128	TCTCTTTCCTTTTTT
MA0517.1	STAT1::STAT2	KE4-4-G10_R1+R2_[11/806]_rank3_%totalreads:1.36_percentile:98_%top5reads:1.62_%readsfilteredfor1%:1.64_%readsfilteredfor10%:None	142	156	-	10.8	4.22e-05	0.0128	TCTCTTTCCTTTTTT
MA0517.1	STAT1::STAT2	KE4-4-G10_R1+R2_[347/806]_rank1_%totalreads:43.05_percentile:100_%top5reads:51.03_%readsfilteredfor1%:51.64_%readsfilteredfor10%:52.5	143	157	-	10.8	4.22e-05	0.0128	TCTCTTTCCTTTTTT
MA0517.1	STAT1::STAT2	KE4-4-G02_R1+R2_[443/996]_rank1_%totalreads:44.48_percentile:100_%top5reads:52.86_%readsfilteredfor1%:53.31_%readsfilteredfor10%:54.89	143	157	-	10.8	4.22e-05	0.0128	TCTCTTTCCTTTTTT
MA0517.1	STAT1::STAT2	KE4-2-A01_R1+R2_[140/435]_rank2_%totalreads:32.18_percentile:98_%top5reads:38.25_%readsfilteredfor1%:38.25_%readsfilteredfor10%:41.79	143	157	-	10.8	4.22e-05	0.0128	TCTCTTTCCTTTTTT
MA0517.1	STAT1::STAT2	KE4-4-G10_R1+R2_[4/806]_rank4_%totalreads:0.5_percentile:97_%top5reads:0.59_%readsfilteredfor1%:None_%readsfilteredfor10%:None	144	158	-	10.8	4.22e-05	0.0128	TCTCTTTCCTTTTTT
MA0517.1	STAT1::STAT2	KE4-4-G02_R1+R2_[13/996]_rank3_%totalreads:1.31_percentile:98_%top5reads:1.55_%readsfilteredfor1%:1.56_%readsfilteredfor10%:None	144	158	-	10.8	4.22e-05	0.0128	TCTCTTTCCTTTTTT
MA0517.1	STAT1::STAT2	KE4-4-G10_R1+R2_[314/806]_rank2_%totalreads:38.96_percentile:99_%top5reads:46.18_%readsfilteredfor1%:46.73_%readsfilteredfor10%:47.5	145	159	-	10.8	4.22e-05	0.0128	TCTCTTTCCTTTTTT
MA0517.1	STAT1::STAT2	KE4-4-G02_R1+R2_[364/996]_rank2_%totalreads:36.55_percentile:99_%top5reads:43.44_%readsfilteredfor1%:43.8_%readsfilteredfor10%:45.11	145	159	-	10.8	4.22e-05	0.0128	TCTCTTTCCTTTTTT
MA0517.1	STAT1::STAT2	KE4-4-G02_R1+R2_[7/996]_rank5_%totalreads:0.7_percentile:97_%top5reads:0.84_%readsfilteredfor1%:None_%readsfilteredfor10%:None	147	161	-	10.8	4.22e-05	0.0128	TCTCTTTCCTTTTTT
MA0517.1	STAT1::STAT2	KE4-2-A01_R1+R2_[195/435]_rank1_%totalreads:44.83_percentile:100_%top5reads:53.28_%readsfilteredfor1%:53.28_%readsfilteredfor10%:58.21	147	161	-	10.8	4.22e-05	0.0128	TCTCTTTCCTTTTTT
MA0517.1	STAT1::STAT2	KE4-1-C02_R1+R2_[1/144]_rank5_%totalreads:0.69_percentile:48_%top5reads:1.05_%readsfilteredfor1%:None_%readsfilteredfor10%:None	153	167	-	10.8	4.22e-05	0.0128	TCTCTTTCCTTTTTT
MA0066.1	PPARG	KE4-1-C02_R1+R2_[1/144]_rank4_%totalreads:0.69_percentile:48_%top5reads:1.05_%readsfilteredfor1%:None_%readsfilteredfor10%:None	116	135	+	7.96629	4.4e-05	0.208	GAAGGGATCTGGGCCCTAAA
MA0690.1	TBX21	KE4-1-C02_R1+R2_[1/144]_rank4_%totalreads:0.69_percentile:48_%top5reads:1.05_%readsfilteredfor1%:None_%readsfilteredfor10%:None	12	21	-	11.6296	4.42e-05	0.236	GGGGTGTGAT
MA0498.2	MEIS1	KE4-4-G10_R1+R2_[4/806]_rank5_%totalreads:0.5_percentile:97_%top5reads:0.59_%readsfilteredfor1%:None_%readsfilteredfor10%:None	59	65	-	10.4545	4.53e-05	0.0194	CTGACAG
MA0498.2	MEIS1	KE4-4-G10_R1+R2_[11/806]_rank3_%totalreads:1.36_percentile:98_%top5reads:1.62_%readsfilteredfor1%:1.64_%readsfilteredfor10%:None	106	112	+	10.4545	4.53e-05	0.0194	CTGACAG
MA0498.2	MEIS1	KE4-2-A01_R1+R2_[5/435]_rank5_%totalreads:1.15_percentile:94_%top5reads:1.37_%readsfilteredfor1%:1.37_%readsfilteredfor10%:None	106	112	+	10.4545	4.53e-05	0.0194	CTGACAG
MA0498.2	MEIS1	KE4-4-G02_R1+R2_[11/996]_rank4_%totalreads:1.1_percentile:97_%top5reads:1.31_%readsfilteredfor1%:1.32_%readsfilteredfor10%:None	106	112	+	10.4545	4.53e-05	0.0194	CTGACAG
MA0498.2	MEIS1	KE4-2-A01_R1+R2_[140/435]_rank2_%totalreads:32.18_percentile:98_%top5reads:38.25_%readsfilteredfor1%:38.25_%readsfilteredfor10%:41.79	107	113	+	10.4545	4.53e-05	0.0194	CTGACAG
MA0498.2	MEIS1	KE4-4-G10_R1+R2_[347/806]_rank1_%totalreads:43.05_percentile:100_%top5reads:51.03_%readsfilteredfor1%:51.64_%readsfilteredfor10%:52.5	107	113	+	10.4545	4.53e-05	0.0194	CTGACAG
MA0498.2	MEIS1	KE4-4-G02_R1+R2_[443/996]_rank1_%totalreads:44.48_percentile:100_%top5reads:52.86_%readsfilteredfor1%:53.31_%readsfilteredfor10%:54.89	107	113	+	10.4545	4.53e-05	0.0194	CTGACAG
MA0498.2	MEIS1	KE4-4-G10_R1+R2_[4/806]_rank4_%totalreads:0.5_percentile:97_%top5reads:0.59_%readsfilteredfor1%:None_%readsfilteredfor10%:None	108	114	+	10.4545	4.53e-05	0.0194	CTGACAG
MA0498.2	MEIS1	KE4-4-G02_R1+R2_[13/996]_rank3_%totalreads:1.31_percentile:98_%top5reads:1.55_%readsfilteredfor1%:1.56_%readsfilteredfor10%:None	108	114	+	10.4545	4.53e-05	0.0194	CTGACAG
MA0498.2	MEIS1	KE4-4-G10_R1+R2_[314/806]_rank2_%totalreads:38.96_percentile:99_%top5reads:46.18_%readsfilteredfor1%:46.73_%readsfilteredfor10%:47.5	109	115	+	10.4545	4.53e-05	0.0194	CTGACAG
MA0498.2	MEIS1	KE4-4-G02_R1+R2_[364/996]_rank2_%totalreads:36.55_percentile:99_%top5reads:43.44_%readsfilteredfor1%:43.8_%readsfilteredfor10%:45.11	109	115	+	10.4545	4.53e-05	0.0194	CTGACAG
MA0498.2	MEIS1	KE4-4-G02_R1+R2_[7/996]_rank5_%totalreads:0.7_percentile:97_%top5reads:0.84_%readsfilteredfor1%:None_%readsfilteredfor10%:None	111	117	+	10.4545	4.53e-05	0.0194	CTGACAG
MA0498.2	MEIS1	KE4-2-A01_R1+R2_[195/435]_rank1_%totalreads:44.83_percentile:100_%top5reads:53.28_%readsfilteredfor1%:53.28_%readsfilteredfor10%:58.21	111	117	+	10.4545	4.53e-05	0.0194	CTGACAG
MA0693.1	Vdr	KE4-2-A01_R1+R2_[5/435]_rank5_%totalreads:1.15_percentile:94_%top5reads:1.37_%readsfilteredfor1%:1.37_%readsfilteredfor10%:None	93	108	-	5.08197	4.58e-05	0.0181	CAGCACATCGAGTTCA
MA0693.1	Vdr	KE4-4-G10_R1+R2_[11/806]_rank3_%totalreads:1.36_percentile:98_%top5reads:1.62_%readsfilteredfor1%:1.64_%readsfilteredfor10%:None	93	108	-	5.08197	4.58e-05	0.0181	CAGCACATCGAGTTCA
MA0693.1	Vdr	KE4-4-G02_R1+R2_[11/996]_rank4_%totalreads:1.1_percentile:97_%top5reads:1.31_%readsfilteredfor1%:1.32_%readsfilteredfor10%:None	93	108	-	5.08197	4.58e-05	0.0181	CAGCACATCGAGTTCA
MA0693.1	Vdr	KE4-2-A01_R1+R2_[140/435]_rank2_%totalreads:32.18_percentile:98_%top5reads:38.25_%readsfilteredfor1%:38.25_%readsfilteredfor10%:41.79	94	109	-	5.08197	4.58e-05	0.0181	CAGCACATCGAGTTCA
MA0693.1	Vdr	KE4-4-G02_R1+R2_[443/996]_rank1_%totalreads:44.48_percentile:100_%top5reads:52.86_%readsfilteredfor1%:53.31_%readsfilteredfor10%:54.89	94	109	-	5.08197	4.58e-05	0.0181	CAGCACATCGAGTTCA
MA0693.1	Vdr	KE4-4-G10_R1+R2_[347/806]_rank1_%totalreads:43.05_percentile:100_%top5reads:51.03_%readsfilteredfor1%:51.64_%readsfilteredfor10%:52.5	94	109	-	5.08197	4.58e-05	0.0181	CAGCACATCGAGTTCA
MA0693.1	Vdr	KE4-4-G02_R1+R2_[13/996]_rank3_%totalreads:1.31_percentile:98_%top5reads:1.55_%readsfilteredfor1%:1.56_%readsfilteredfor10%:None	95	110	-	5.08197	4.58e-05	0.0181	CAGCACATCGAGTTCA
MA0693.1	Vdr	KE4-4-G10_R1+R2_[4/806]_rank4_%totalreads:0.5_percentile:97_%top5reads:0.59_%readsfilteredfor1%:None_%readsfilteredfor10%:None	95	110	-	5.08197	4.58e-05	0.0181	CAGCACATCGAGTTCA
MA0693.1	Vdr	KE4-4-G10_R1+R2_[314/806]_rank2_%totalreads:38.96_percentile:99_%top5reads:46.18_%readsfilteredfor1%:46.73_%readsfilteredfor10%:47.5	96	111	-	5.08197	4.58e-05	0.0181	CAGCACATCGAGTTCA
MA0693.1	Vdr	KE4-4-G02_R1+R2_[364/996]_rank2_%totalreads:36.55_percentile:99_%top5reads:43.44_%readsfilteredfor1%:43.8_%readsfilteredfor10%:45.11	96	111	-	5.08197	4.58e-05	0.0181	CAGCACATCGAGTTCA
MA0693.1	Vdr	KE4-2-A01_R1+R2_[195/435]_rank1_%totalreads:44.83_percentile:100_%top5reads:53.28_%readsfilteredfor1%:53.28_%readsfilteredfor10%:58.21	98	113	-	5.08197	4.58e-05	0.0181	CAGCACATCGAGTTCA
MA0693.1	Vdr	KE4-4-G02_R1+R2_[7/996]_rank5_%totalreads:0.7_percentile:97_%top5reads:0.84_%readsfilteredfor1%:None_%readsfilteredfor10%:None	98	113	-	5.08197	4.58e-05	0.0181	CAGCACATCGAGTTCA
MA0693.1	Vdr	KE4-4-G10_R1+R2_[4/806]_rank5_%totalreads:0.5_percentile:97_%top5reads:0.59_%readsfilteredfor1%:None_%readsfilteredfor10%:None	63	78	+	5.08197	4.58e-05	0.0181	CAGCACATCGAGTTCA
MA0727.1	NR3C2	KE4-4-G02_R1+R2_[11/996]_rank4_%totalreads:1.1_percentile:97_%top5reads:1.31_%readsfilteredfor1%:1.32_%readsfilteredfor10%:None	65	81	-	5.86957	4.99e-05	0.0186	CATAACAGGGTGTTCTG
MA0727.1	NR3C2	KE4-4-G10_R1+R2_[11/806]_rank3_%totalreads:1.36_percentile:98_%top5reads:1.62_%readsfilteredfor1%:1.64_%readsfilteredfor10%:None	65	81	-	5.86957	4.99e-05	0.0186	CATAACAGGGTGTTCTG
MA0727.1	NR3C2	KE4-4-G10_R1+R2_[347/806]_rank1_%totalreads:43.05_percentile:100_%top5reads:51.03_%readsfilteredfor1%:51.64_%readsfilteredfor10%:52.5	66	82	-	5.86957	4.99e-05	0.0186	CATAACAGGGTGTTCTG
MA0727.1	NR3C2	KE4-4-G02_R1+R2_[443/996]_rank1_%totalreads:44.48_percentile:100_%top5reads:52.86_%readsfilteredfor1%:53.31_%readsfilteredfor10%:54.89	66	82	-	5.86957	4.99e-05	0.0186	CATAACAGGGTGTTCTG
MA0727.1	NR3C2	KE4-2-A01_R1+R2_[5/435]_rank5_%totalreads:1.15_percentile:94_%top5reads:1.37_%readsfilteredfor1%:1.37_%readsfilteredfor10%:None	65	81	-	5.80435	5.08e-05	0.0186	CAAAACAGGGTGTTCTG
MA0727.1	NR3C2	KE4-2-A01_R1+R2_[140/435]_rank2_%totalreads:32.18_percentile:98_%top5reads:38.25_%readsfilteredfor1%:38.25_%readsfilteredfor10%:41.79	66	82	-	5.80435	5.08e-05	0.0186	CAAAACAGGGTGTTCTG
MA0524.2	TFAP2C	KE4-4-G10_R1+R2_[11/806]_rank3_%totalreads:1.36_percentile:98_%top5reads:1.62_%readsfilteredfor1%:1.64_%readsfilteredfor10%:None	35	46	-	11.5155	5.13e-05	0.00765	TGCTCTAGGGCA
MA0524.2	TFAP2C	KE4-2-A01_R1+R2_[5/435]_rank5_%totalreads:1.15_percentile:94_%top5reads:1.37_%readsfilteredfor1%:1.37_%readsfilteredfor10%:None	35	46	-	11.5155	5.13e-05	0.00765	TGCTCTAGGGCA
MA0524.2	TFAP2C	KE4-4-G02_R1+R2_[11/996]_rank4_%totalreads:1.1_percentile:97_%top5reads:1.31_%readsfilteredfor1%:1.32_%readsfilteredfor10%:None	35	46	-	11.5155	5.13e-05	0.00765	TGCTCTAGGGCA
MA0524.2	TFAP2C	KE4-4-G02_R1+R2_[13/996]_rank3_%totalreads:1.31_percentile:98_%top5reads:1.55_%readsfilteredfor1%:1.56_%readsfilteredfor10%:None	35	46	-	11.5155	5.13e-05	0.00765	TGCTCTAGGGCA
MA0524.2	TFAP2C	KE4-4-G10_R1+R2_[4/806]_rank4_%totalreads:0.5_percentile:97_%top5reads:0.59_%readsfilteredfor1%:None_%readsfilteredfor10%:None	35	46	-	11.5155	5.13e-05	0.00765	TGCTCTAGGGCA
MA0524.2	TFAP2C	KE4-4-G10_R1+R2_[314/806]_rank2_%totalreads:38.96_percentile:99_%top5reads:46.18_%readsfilteredfor1%:46.73_%readsfilteredfor10%:47.5	36	47	-	11.5155	5.13e-05	0.00765	TGCTCTAGGGCA
MA0524.2	TFAP2C	KE4-4-G10_R1+R2_[347/806]_rank1_%totalreads:43.05_percentile:100_%top5reads:51.03_%readsfilteredfor1%:51.64_%readsfilteredfor10%:52.5	36	47	-	11.5155	5.13e-05	0.00765	TGCTCTAGGGCA
MA0524.2	TFAP2C	KE4-4-G02_R1+R2_[7/996]_rank5_%totalreads:0.7_percentile:97_%top5reads:0.84_%readsfilteredfor1%:None_%readsfilteredfor10%:None	36	47	-	11.5155	5.13e-05	0.00765	TGCTCTAGGGCA
MA0524.2	TFAP2C	KE4-2-A01_R1+R2_[140/435]_rank2_%totalreads:32.18_percentile:98_%top5reads:38.25_%readsfilteredfor1%:38.25_%readsfilteredfor10%:41.79	36	47	-	11.5155	5.13e-05	0.00765	TGCTCTAGGGCA
MA0524.2	TFAP2C	KE4-1-C02_R1+R2_[1/144]_rank5_%totalreads:0.69_percentile:48_%top5reads:1.05_%readsfilteredfor1%:None_%readsfilteredfor10%:None	36	47	-	11.5155	5.13e-05	0.00765	TGCTCTAGGGCA
MA0524.2	TFAP2C	KE4-2-A01_R1+R2_[195/435]_rank1_%totalreads:44.83_percentile:100_%top5reads:53.28_%readsfilteredfor1%:53.28_%readsfilteredfor10%:58.21	36	47	-	11.5155	5.13e-05	0.00765	TGCTCTAGGGCA
MA0524.2	TFAP2C	KE4-4-G02_R1+R2_[364/996]_rank2_%totalreads:36.55_percentile:99_%top5reads:43.44_%readsfilteredfor1%:43.8_%readsfilteredfor10%:45.11	36	47	-	11.5155	5.13e-05	0.00765	TGCTCTAGGGCA
MA0524.2	TFAP2C	KE4-4-G02_R1+R2_[443/996]_rank1_%totalreads:44.48_percentile:100_%top5reads:52.86_%readsfilteredfor1%:53.31_%readsfilteredfor10%:54.89	36	47	-	11.5155	5.13e-05	0.00765	TGCTCTAGGGCA
MA0524.2	TFAP2C	KE4-1-C02_R1+R2_[82/144]_rank1_%totalreads:56.94_percentile:100_%top5reads:86.32_%readsfilteredfor1%:88.17_%readsfilteredfor10%:100.0	36	47	-	11.5155	5.13e-05	0.00765	TGCTCTAGGGCA
MA0524.2	TFAP2C	KE4-4-G10_R1+R2_[4/806]_rank5_%totalreads:0.5_percentile:97_%top5reads:0.59_%readsfilteredfor1%:None_%readsfilteredfor10%:None	127	138	+	11.5155	5.13e-05	0.00765	TGCTCTAGGGCA
MA0524.2	TFAP2C	KE4-1-C02_R1+R2_[1/144]_rank5_%totalreads:0.69_percentile:48_%top5reads:1.05_%readsfilteredfor1%:None_%readsfilteredfor10%:None	126	137	-	11.5155	5.13e-05	0.00765	TGCTCTAGGGCA
MA0508.1	PRDM1	KE4-4-G10_R1+R2_[4/806]_rank5_%totalreads:0.5_percentile:97_%top5reads:0.59_%readsfilteredfor1%:None_%readsfilteredfor10%:None	15	29	-	10.9074	5.2e-05	0.0162	AAAAAAGGAAAGAGA
MA0508.1	PRDM1	KE4-1-C02_R1+R2_[1/144]_rank5_%totalreads:0.69_percentile:48_%top5reads:1.05_%readsfilteredfor1%:None_%readsfilteredfor10%:None	63	77	+	10.9074	5.2e-05	0.0162	AAAAAAGGAAAGAGA
MA0508.1	PRDM1	KE4-1-C02_R1+R2_[82/144]_rank1_%totalreads:56.94_percentile:100_%top5reads:86.32_%readsfilteredfor1%:88.17_%readsfilteredfor10%:100.0	63	77	+	10.9074	5.2e-05	0.0162	AAAAAAGGAAAGAGA
MA0508.1	PRDM1	KE4-4-G02_R1+R2_[11/996]_rank4_%totalreads:1.1_percentile:97_%top5reads:1.31_%readsfilteredfor1%:1.32_%readsfilteredfor10%:None	142	156	+	10.9074	5.2e-05	0.0162	AAAAAAGGAAAGAGA
MA0508.1	PRDM1	KE4-2-A01_R1+R2_[5/435]_rank5_%totalreads:1.15_percentile:94_%top5reads:1.37_%readsfilteredfor1%:1.37_%readsfilteredfor10%:None	142	156	+	10.9074	5.2e-05	0.0162	AAAAAAGGAAAGAGA
MA0508.1	PRDM1	KE4-4-G10_R1+R2_[11/806]_rank3_%totalreads:1.36_percentile:98_%top5reads:1.62_%readsfilteredfor1%:1.64_%readsfilteredfor10%:None	142	156	+	10.9074	5.2e-05	0.0162	AAAAAAGGAAAGAGA
MA0508.1	PRDM1	KE4-4-G10_R1+R2_[347/806]_rank1_%totalreads:43.05_percentile:100_%top5reads:51.03_%readsfilteredfor1%:51.64_%readsfilteredfor10%:52.5	143	157	+	10.9074	5.2e-05	0.0162	AAAAAAGGAAAGAGA
MA0508.1	PRDM1	KE4-4-G02_R1+R2_[443/996]_rank1_%totalreads:44.48_percentile:100_%top5reads:52.86_%readsfilteredfor1%:53.31_%readsfilteredfor10%:54.89	143	157	+	10.9074	5.2e-05	0.0162	AAAAAAGGAAAGAGA
MA0508.1	PRDM1	KE4-2-A01_R1+R2_[140/435]_rank2_%totalreads:32.18_percentile:98_%top5reads:38.25_%readsfilteredfor1%:38.25_%readsfilteredfor10%:41.79	143	157	+	10.9074	5.2e-05	0.0162	AAAAAAGGAAAGAGA
MA0508.1	PRDM1	KE4-4-G10_R1+R2_[4/806]_rank4_%totalreads:0.5_percentile:97_%top5reads:0.59_%readsfilteredfor1%:None_%readsfilteredfor10%:None	144	158	+	10.9074	5.2e-05	0.0162	AAAAAAGGAAAGAGA
MA0508.1	PRDM1	KE4-4-G02_R1+R2_[13/996]_rank3_%totalreads:1.31_percentile:98_%top5reads:1.55_%readsfilteredfor1%:1.56_%readsfilteredfor10%:None	144	158	+	10.9074	5.2e-05	0.0162	AAAAAAGGAAAGAGA
MA0508.1	PRDM1	KE4-4-G10_R1+R2_[314/806]_rank2_%totalreads:38.96_percentile:99_%top5reads:46.18_%readsfilteredfor1%:46.73_%readsfilteredfor10%:47.5	145	159	+	10.9074	5.2e-05	0.0162	AAAAAAGGAAAGAGA
MA0508.1	PRDM1	KE4-4-G02_R1+R2_[364/996]_rank2_%totalreads:36.55_percentile:99_%top5reads:43.44_%readsfilteredfor1%:43.8_%readsfilteredfor10%:45.11	145	159	+	10.9074	5.2e-05	0.0162	AAAAAAGGAAAGAGA
MA0508.1	PRDM1	KE4-4-G02_R1+R2_[7/996]_rank5_%totalreads:0.7_percentile:97_%top5reads:0.84_%readsfilteredfor1%:None_%readsfilteredfor10%:None	147	161	+	10.9074	5.2e-05	0.0162	AAAAAAGGAAAGAGA
MA0508.1	PRDM1	KE4-2-A01_R1+R2_[195/435]_rank1_%totalreads:44.83_percentile:100_%top5reads:53.28_%readsfilteredfor1%:53.28_%readsfilteredfor10%:58.21	147	161	+	10.9074	5.2e-05	0.0162	AAAAAAGGAAAGAGA
MA0508.1	PRDM1	KE4-1-C02_R1+R2_[1/144]_rank5_%totalreads:0.69_percentile:48_%top5reads:1.05_%readsfilteredfor1%:None_%readsfilteredfor10%:None	153	167	+	10.9074	5.2e-05	0.0162	AAAAAAGGAAAGAGA
MA0738.1	HIC2	KE4-2-A01_R1+R2_[5/435]_rank5_%totalreads:1.15_percentile:94_%top5reads:1.37_%readsfilteredfor1%:1.37_%readsfilteredfor10%:None	83	91	-	11.463	5.37e-05	0.0211	GTGCCAGCC
MA0738.1	HIC2	KE4-4-G10_R1+R2_[11/806]_rank3_%totalreads:1.36_percentile:98_%top5reads:1.62_%readsfilteredfor1%:1.64_%readsfilteredfor10%:None	83	91	-	11.463	5.37e-05	0.0211	GTGCCAGCC
MA0738.1	HIC2	KE4-4-G02_R1+R2_[11/996]_rank4_%totalreads:1.1_percentile:97_%top5reads:1.31_%readsfilteredfor1%:1.32_%readsfilteredfor10%:None	83	91	-	11.463	5.37e-05	0.0211	GTGCCAGCC
MA0738.1	HIC2	KE4-2-A01_R1+R2_[140/435]_rank2_%totalreads:32.18_percentile:98_%top5reads:38.25_%readsfilteredfor1%:38.25_%readsfilteredfor10%:41.79	84	92	-	11.463	5.37e-05	0.0211	GTGCCAGCC
MA0738.1	HIC2	KE4-4-G02_R1+R2_[443/996]_rank1_%totalreads:44.48_percentile:100_%top5reads:52.86_%readsfilteredfor1%:53.31_%readsfilteredfor10%:54.89	84	92	-	11.463	5.37e-05	0.0211	GTGCCAGCC
MA0738.1	HIC2	KE4-4-G10_R1+R2_[347/806]_rank1_%totalreads:43.05_percentile:100_%top5reads:51.03_%readsfilteredfor1%:51.64_%readsfilteredfor10%:52.5	84	92	-	11.463	5.37e-05	0.0211	GTGCCAGCC
MA0738.1	HIC2	KE4-4-G02_R1+R2_[13/996]_rank3_%totalreads:1.31_percentile:98_%top5reads:1.55_%readsfilteredfor1%:1.56_%readsfilteredfor10%:None	85	93	-	11.463	5.37e-05	0.0211	GTGCCAGCC
MA0738.1	HIC2	KE4-4-G10_R1+R2_[4/806]_rank4_%totalreads:0.5_percentile:97_%top5reads:0.59_%readsfilteredfor1%:None_%readsfilteredfor10%:None	85	93	-	11.463	5.37e-05	0.0211	GTGCCAGCC
MA0738.1	HIC2	KE4-4-G10_R1+R2_[314/806]_rank2_%totalreads:38.96_percentile:99_%top5reads:46.18_%readsfilteredfor1%:46.73_%readsfilteredfor10%:47.5	86	94	-	11.463	5.37e-05	0.0211	GTGCCAGCC
MA0738.1	HIC2	KE4-4-G02_R1+R2_[364/996]_rank2_%totalreads:36.55_percentile:99_%top5reads:43.44_%readsfilteredfor1%:43.8_%readsfilteredfor10%:45.11	86	94	-	11.463	5.37e-05	0.0211	GTGCCAGCC
MA0738.1	HIC2	KE4-2-A01_R1+R2_[195/435]_rank1_%totalreads:44.83_percentile:100_%top5reads:53.28_%readsfilteredfor1%:53.28_%readsfilteredfor10%:58.21	88	96	-	11.463	5.37e-05	0.0211	GTGCCAGCC
MA0738.1	HIC2	KE4-4-G02_R1+R2_[7/996]_rank5_%totalreads:0.7_percentile:97_%top5reads:0.84_%readsfilteredfor1%:None_%readsfilteredfor10%:None	88	96	-	11.463	5.37e-05	0.0211	GTGCCAGCC
MA0738.1	HIC2	KE4-4-G10_R1+R2_[4/806]_rank5_%totalreads:0.5_percentile:97_%top5reads:0.59_%readsfilteredfor1%:None_%readsfilteredfor10%:None	80	88	+	11.463	5.37e-05	0.0211	GTGCCAGCC
MA0030.1	FOXF2	KE4-1-C02_R1+R2_[1/144]_rank4_%totalreads:0.69_percentile:48_%top5reads:1.05_%readsfilteredfor1%:None_%readsfilteredfor10%:None	95	108	+	11.6742	5.37e-05	0.283	CCTGGGTAAACAGC
MA0727.1	NR3C2	KE4-2-A01_R1+R2_[5/435]_rank5_%totalreads:1.15_percentile:94_%top5reads:1.37_%readsfilteredfor1%:1.37_%readsfilteredfor10%:None	65	81	+	5.58696	5.39e-05	0.0186	CAGAACACCCTGTTTTG
MA0727.1	NR3C2	KE4-2-A01_R1+R2_[140/435]_rank2_%totalreads:32.18_percentile:98_%top5reads:38.25_%readsfilteredfor1%:38.25_%readsfilteredfor10%:41.79	66	82	+	5.58696	5.39e-05	0.0186	CAGAACACCCTGTTTTG
MA0807.1	TBX5	KE4-1-C02_R1+R2_[1/144]_rank4_%totalreads:0.69_percentile:48_%top5reads:1.05_%readsfilteredfor1%:None_%readsfilteredfor10%:None	13	20	-	11.5789	5.53e-05	0.304	GGGTGTGA
MA0113.3	NR3C1	KE4-2-A01_R1+R2_[5/435]_rank5_%totalreads:1.15_percentile:94_%top5reads:1.37_%readsfilteredfor1%:1.37_%readsfilteredfor10%:None	65	81	-	5.73469	5.61e-05	0.024	CAAAACAGGGTGTTCTG
MA0113.3	NR3C1	KE4-2-A01_R1+R2_[140/435]_rank2_%totalreads:32.18_percentile:98_%top5reads:38.25_%readsfilteredfor1%:38.25_%readsfilteredfor10%:41.79	66	82	-	5.73469	5.61e-05	0.024	CAAAACAGGGTGTTCTG
MA0113.3	NR3C1	KE4-4-G02_R1+R2_[11/996]_rank4_%totalreads:1.1_percentile:97_%top5reads:1.31_%readsfilteredfor1%:1.32_%readsfilteredfor10%:None	65	81	-	5.65306	5.74e-05	0.024	CATAACAGGGTGTTCTG
MA0113.3	NR3C1	KE4-4-G10_R1+R2_[11/806]_rank3_%totalreads:1.36_percentile:98_%top5reads:1.62_%readsfilteredfor1%:1.64_%readsfilteredfor10%:None	65	81	-	5.65306	5.74e-05	0.024	CATAACAGGGTGTTCTG
MA0113.3	NR3C1	KE4-4-G10_R1+R2_[347/806]_rank1_%totalreads:43.05_percentile:100_%top5reads:51.03_%readsfilteredfor1%:51.64_%readsfilteredfor10%:52.5	66	82	-	5.65306	5.74e-05	0.024	CATAACAGGGTGTTCTG
MA0113.3	NR3C1	KE4-4-G02_R1+R2_[443/996]_rank1_%totalreads:44.48_percentile:100_%top5reads:52.86_%readsfilteredfor1%:53.31_%readsfilteredfor10%:54.89	66	82	-	5.65306	5.74e-05	0.024	CATAACAGGGTGTTCTG
MA0802.1	TBR1	KE4-1-C02_R1+R2_[1/144]_rank4_%totalreads:0.69_percentile:48_%top5reads:1.05_%readsfilteredfor1%:None_%readsfilteredfor10%:None	11	20	-	11.5217	5.77e-05	0.301	GGGTGTGATA
MA0007.3	Ar	KE4-2-A01_R1+R2_[5/435]_rank5_%totalreads:1.15_percentile:94_%top5reads:1.37_%readsfilteredfor1%:1.37_%readsfilteredfor10%:None	65	81	-	6.75439	5.9e-05	0.0232	CAAAACAGGGTGTTCTG
MA0007.3	Ar	KE4-2-A01_R1+R2_[140/435]_rank2_%totalreads:32.18_percentile:98_%top5reads:38.25_%readsfilteredfor1%:38.25_%readsfilteredfor10%:41.79	66	82	-	6.75439	5.9e-05	0.0232	CAAAACAGGGTGTTCTG
MA0657.1	KLF13	KE4-1-C02_R1+R2_[1/144]_rank4_%totalreads:0.69_percentile:48_%top5reads:1.05_%readsfilteredfor1%:None_%readsfilteredfor10%:None	10	27	+	4.2807	6.17e-05	0.313	ATATCACACCCCCAGTAA
MA0113.3	NR3C1	KE4-2-A01_R1+R2_[5/435]_rank5_%totalreads:1.15_percentile:94_%top5reads:1.37_%readsfilteredfor1%:1.37_%readsfilteredfor10%:None	65	81	+	5.38776	6.18e-05	0.024	CAGAACACCCTGTTTTG
MA0113.3	NR3C1	KE4-2-A01_R1+R2_[140/435]_rank2_%totalreads:32.18_percentile:98_%top5reads:38.25_%readsfilteredfor1%:38.25_%readsfilteredfor10%:41.79	66	82	+	5.38776	6.18e-05	0.024	CAGAACACCCTGTTTTG
MA0057.1	MZF1(var.2)	KE4-1-C02_R1+R2_[1/144]_rank4_%totalreads:0.69_percentile:48_%top5reads:1.05_%readsfilteredfor1%:None_%readsfilteredfor10%:None	110	119	+	11.3367	6.18e-05	0.182	TGAGGGGAAG
MA0806.1	TBX4	KE4-1-C02_R1+R2_[1/144]_rank4_%totalreads:0.69_percentile:48_%top5reads:1.05_%readsfilteredfor1%:None_%readsfilteredfor10%:None	13	20	-	11.449	6.46e-05	0.352	GGGTGTGA
MA0074.1	RXRA::VDR	KE4-2-A01_R1+R2_[5/435]_rank5_%totalreads:1.15_percentile:94_%top5reads:1.37_%readsfilteredfor1%:1.37_%readsfilteredfor10%:None	93	107	-	5.79439	6.66e-05	0.0268	AGCACATCGAGTTCA
MA0074.1	RXRA::VDR	KE4-4-G10_R1+R2_[11/806]_rank3_%totalreads:1.36_percentile:98_%top5reads:1.62_%readsfilteredfor1%:1.64_%readsfilteredfor10%:None	93	107	-	5.79439	6.66e-05	0.0268	AGCACATCGAGTTCA
MA0074.1	RXRA::VDR	KE4-4-G02_R1+R2_[11/996]_rank4_%totalreads:1.1_percentile:97_%top5reads:1.31_%readsfilteredfor1%:1.32_%readsfilteredfor10%:None	93	107	-	5.79439	6.66e-05	0.0268	AGCACATCGAGTTCA
MA0074.1	RXRA::VDR	KE4-2-A01_R1+R2_[140/435]_rank2_%totalreads:32.18_percentile:98_%top5reads:38.25_%readsfilteredfor1%:38.25_%readsfilteredfor10%:41.79	94	108	-	5.79439	6.66e-05	0.0268	AGCACATCGAGTTCA
MA0074.1	RXRA::VDR	KE4-4-G02_R1+R2_[443/996]_rank1_%totalreads:44.48_percentile:100_%top5reads:52.86_%readsfilteredfor1%:53.31_%readsfilteredfor10%:54.89	94	108	-	5.79439	6.66e-05	0.0268	AGCACATCGAGTTCA
MA0074.1	RXRA::VDR	KE4-4-G10_R1+R2_[347/806]_rank1_%totalreads:43.05_percentile:100_%top5reads:51.03_%readsfilteredfor1%:51.64_%readsfilteredfor10%:52.5	94	108	-	5.79439	6.66e-05	0.0268	AGCACATCGAGTTCA
MA0074.1	RXRA::VDR	KE4-4-G02_R1+R2_[13/996]_rank3_%totalreads:1.31_percentile:98_%top5reads:1.55_%readsfilteredfor1%:1.56_%readsfilteredfor10%:None	95	109	-	5.79439	6.66e-05	0.0268	AGCACATCGAGTTCA
MA0074.1	RXRA::VDR	KE4-4-G10_R1+R2_[4/806]_rank4_%totalreads:0.5_percentile:97_%top5reads:0.59_%readsfilteredfor1%:None_%readsfilteredfor10%:None	95	109	-	5.79439	6.66e-05	0.0268	AGCACATCGAGTTCA
MA0074.1	RXRA::VDR	KE4-4-G10_R1+R2_[314/806]_rank2_%totalreads:38.96_percentile:99_%top5reads:46.18_%readsfilteredfor1%:46.73_%readsfilteredfor10%:47.5	96	110	-	5.79439	6.66e-05	0.0268	AGCACATCGAGTTCA
MA0074.1	RXRA::VDR	KE4-4-G02_R1+R2_[364/996]_rank2_%totalreads:36.55_percentile:99_%top5reads:43.44_%readsfilteredfor1%:43.8_%readsfilteredfor10%:45.11	96	110	-	5.79439	6.66e-05	0.0268	AGCACATCGAGTTCA
MA0074.1	RXRA::VDR	KE4-2-A01_R1+R2_[195/435]_rank1_%totalreads:44.83_percentile:100_%top5reads:53.28_%readsfilteredfor1%:53.28_%readsfilteredfor10%:58.21	98	112	-	5.79439	6.66e-05	0.0268	AGCACATCGAGTTCA
MA0074.1	RXRA::VDR	KE4-4-G02_R1+R2_[7/996]_rank5_%totalreads:0.7_percentile:97_%top5reads:0.84_%readsfilteredfor1%:None_%readsfilteredfor10%:None	98	112	-	5.79439	6.66e-05	0.0268	AGCACATCGAGTTCA
MA0074.1	RXRA::VDR	KE4-4-G10_R1+R2_[4/806]_rank5_%totalreads:0.5_percentile:97_%top5reads:0.59_%readsfilteredfor1%:None_%readsfilteredfor10%:None	64	78	+	5.79439	6.66e-05	0.0268	AGCACATCGAGTTCA
MA0007.3	Ar	KE4-4-G10_R1+R2_[11/806]_rank3_%totalreads:1.36_percentile:98_%top5reads:1.62_%readsfilteredfor1%:1.64_%readsfilteredfor10%:None	65	81	-	6.33333	6.74e-05	0.0232	CATAACAGGGTGTTCTG
MA0007.3	Ar	KE4-4-G02_R1+R2_[11/996]_rank4_%totalreads:1.1_percentile:97_%top5reads:1.31_%readsfilteredfor1%:1.32_%readsfilteredfor10%:None	65	81	-	6.33333	6.74e-05	0.0232	CATAACAGGGTGTTCTG
MA0007.3	Ar	KE4-4-G10_R1+R2_[347/806]_rank1_%totalreads:43.05_percentile:100_%top5reads:51.03_%readsfilteredfor1%:51.64_%readsfilteredfor10%:52.5	66	82	-	6.33333	6.74e-05	0.0232	CATAACAGGGTGTTCTG
MA0007.3	Ar	KE4-4-G02_R1+R2_[443/996]_rank1_%totalreads:44.48_percentile:100_%top5reads:52.86_%readsfilteredfor1%:53.31_%readsfilteredfor10%:54.89	66	82	-	6.33333	6.74e-05	0.0232	CATAACAGGGTGTTCTG
MA0057.1	MZF1(var.2)	KE4-1-C02_R1+R2_[1/144]_rank4_%totalreads:0.69_percentile:48_%top5reads:1.05_%readsfilteredfor1%:None_%readsfilteredfor10%:None	63	72	+	11.2755	6.78e-05	0.182	TTAGGGGAAA
MA0774.1	MEIS2	KE4-2-A01_R1+R2_[5/435]_rank5_%totalreads:1.15_percentile:94_%top5reads:1.37_%readsfilteredfor1%:1.37_%readsfilteredfor10%:None	106	113	+	11.9672	6.8e-05	0.028	CTGACAGC
MA0774.1	MEIS2	KE4-4-G10_R1+R2_[11/806]_rank3_%totalreads:1.36_percentile:98_%top5reads:1.62_%readsfilteredfor1%:1.64_%readsfilteredfor10%:None	106	113	+	11.9672	6.8e-05	0.028	CTGACAGC
MA0774.1	MEIS2	KE4-4-G02_R1+R2_[11/996]_rank4_%totalreads:1.1_percentile:97_%top5reads:1.31_%readsfilteredfor1%:1.32_%readsfilteredfor10%:None	106	113	+	11.9672	6.8e-05	0.028	CTGACAGC
MA0774.1	MEIS2	KE4-2-A01_R1+R2_[140/435]_rank2_%totalreads:32.18_percentile:98_%top5reads:38.25_%readsfilteredfor1%:38.25_%readsfilteredfor10%:41.79	107	114	+	11.9672	6.8e-05	0.028	CTGACAGC
MA0774.1	MEIS2	KE4-4-G02_R1+R2_[443/996]_rank1_%totalreads:44.48_percentile:100_%top5reads:52.86_%readsfilteredfor1%:53.31_%readsfilteredfor10%:54.89	107	114	+	11.9672	6.8e-05	0.028	CTGACAGC
MA0774.1	MEIS2	KE4-4-G10_R1+R2_[347/806]_rank1_%totalreads:43.05_percentile:100_%top5reads:51.03_%readsfilteredfor1%:51.64_%readsfilteredfor10%:52.5	107	114	+	11.9672	6.8e-05	0.028	CTGACAGC
MA0774.1	MEIS2	KE4-4-G02_R1+R2_[13/996]_rank3_%totalreads:1.31_percentile:98_%top5reads:1.55_%readsfilteredfor1%:1.56_%readsfilteredfor10%:None	108	115	+	11.9672	6.8e-05	0.028	CTGACAGC
MA0774.1	MEIS2	KE4-4-G10_R1+R2_[4/806]_rank4_%totalreads:0.5_percentile:97_%top5reads:0.59_%readsfilteredfor1%:None_%readsfilteredfor10%:None	108	115	+	11.9672	6.8e-05	0.028	CTGACAGC
MA0774.1	MEIS2	KE4-4-G10_R1+R2_[314/806]_rank2_%totalreads:38.96_percentile:99_%top5reads:46.18_%readsfilteredfor1%:46.73_%readsfilteredfor10%:47.5	109	116	+	11.9672	6.8e-05	0.028	CTGACAGC
MA0774.1	MEIS2	KE4-4-G02_R1+R2_[364/996]_rank2_%totalreads:36.55_percentile:99_%top5reads:43.44_%readsfilteredfor1%:43.8_%readsfilteredfor10%:45.11	109	116	+	11.9672	6.8e-05	0.028	CTGACAGC
MA0774.1	MEIS2	KE4-2-A01_R1+R2_[195/435]_rank1_%totalreads:44.83_percentile:100_%top5reads:53.28_%readsfilteredfor1%:53.28_%readsfilteredfor10%:58.21	111	118	+	11.9672	6.8e-05	0.028	CTGACAGC
MA0774.1	MEIS2	KE4-4-G02_R1+R2_[7/996]_rank5_%totalreads:0.7_percentile:97_%top5reads:0.84_%readsfilteredfor1%:None_%readsfilteredfor10%:None	111	118	+	11.9672	6.8e-05	0.028	CTGACAGC
MA0774.1	MEIS2	KE4-4-G10_R1+R2_[4/806]_rank5_%totalreads:0.5_percentile:97_%top5reads:0.59_%readsfilteredfor1%:None_%readsfilteredfor10%:None	58	65	-	11.9672	6.8e-05	0.028	CTGACAGC
MA0137.3	STAT1	KE4-2-A01_R1+R2_[11/435]_rank4_%totalreads:2.53_percentile:95_%top5reads:3.01_%readsfilteredfor1%:3.01_%readsfilteredfor10%:None	26	36	-	10.5926	6.9e-05	0.365	TTTCCGAGAAC
MA0050.2	IRF1	KE4-4-G10_R1+R2_[4/806]_rank5_%totalreads:0.5_percentile:97_%top5reads:0.59_%readsfilteredfor1%:None_%readsfilteredfor10%:None	13	33	+	9.14754	6.96e-05	0.012	ACTCTCTTTCCTTTTTTCCCC
MA0050.2	IRF1	KE4-1-C02_R1+R2_[82/144]_rank1_%totalreads:56.94_percentile:100_%top5reads:86.32_%readsfilteredfor1%:88.17_%readsfilteredfor10%:100.0	59	79	-	9.14754	6.96e-05	0.012	ACTCTCTTTCCTTTTTTCCCC
MA0050.2	IRF1	KE4-1-C02_R1+R2_[1/144]_rank5_%totalreads:0.69_percentile:48_%top5reads:1.05_%readsfilteredfor1%:None_%readsfilteredfor10%:None	59	79	-	9.14754	6.96e-05	0.012	ACTCTCTTTCCTTTTTTCCCC
MA0050.2	IRF1	KE4-4-G10_R1+R2_[11/806]_rank3_%totalreads:1.36_percentile:98_%top5reads:1.62_%readsfilteredfor1%:1.64_%readsfilteredfor10%:None	138	158	-	9.14754	6.96e-05	0.012	ACTCTCTTTCCTTTTTTCCCC
MA0050.2	IRF1	KE4-2-A01_R1+R2_[5/435]_rank5_%totalreads:1.15_percentile:94_%top5reads:1.37_%readsfilteredfor1%:1.37_%readsfilteredfor10%:None	138	158	-	9.14754	6.96e-05	0.012	ACTCTCTTTCCTTTTTTCCCC
MA0050.2	IRF1	KE4-4-G02_R1+R2_[11/996]_rank4_%totalreads:1.1_percentile:97_%top5reads:1.31_%readsfilteredfor1%:1.32_%readsfilteredfor10%:None	138	158	-	9.14754	6.96e-05	0.012	ACTCTCTTTCCTTTTTTCCCC
MA0050.2	IRF1	KE4-4-G02_R1+R2_[443/996]_rank1_%totalreads:44.48_percentile:100_%top5reads:52.86_%readsfilteredfor1%:53.31_%readsfilteredfor10%:54.89	139	159	-	9.14754	6.96e-05	0.012	ACTCTCTTTCCTTTTTTCCCC
MA0050.2	IRF1	KE4-4-G10_R1+R2_[347/806]_rank1_%totalreads:43.05_percentile:100_%top5reads:51.03_%readsfilteredfor1%:51.64_%readsfilteredfor10%:52.5	139	159	-	9.14754	6.96e-05	0.012	ACTCTCTTTCCTTTTTTCCCC
MA0050.2	IRF1	KE4-2-A01_R1+R2_[140/435]_rank2_%totalreads:32.18_percentile:98_%top5reads:38.25_%readsfilteredfor1%:38.25_%readsfilteredfor10%:41.79	139	159	-	9.14754	6.96e-05	0.012	ACTCTCTTTCCTTTTTTCCCC
MA0050.2	IRF1	KE4-4-G02_R1+R2_[13/996]_rank3_%totalreads:1.31_percentile:98_%top5reads:1.55_%readsfilteredfor1%:1.56_%readsfilteredfor10%:None	140	160	-	9.14754	6.96e-05	0.012	ACTCTCTTTCCTTTTTTCCCC
MA0050.2	IRF1	KE4-4-G10_R1+R2_[4/806]_rank4_%totalreads:0.5_percentile:97_%top5reads:0.59_%readsfilteredfor1%:None_%readsfilteredfor10%:None	140	160	-	9.14754	6.96e-05	0.012	ACTCTCTTTCCTTTTTTCCCC
MA0050.2	IRF1	KE4-4-G10_R1+R2_[314/806]_rank2_%totalreads:38.96_percentile:99_%top5reads:46.18_%readsfilteredfor1%:46.73_%readsfilteredfor10%:47.5	141	161	-	9.14754	6.96e-05	0.012	ACTCTCTTTCCTTTTTTCCCC
MA0050.2	IRF1	KE4-4-G02_R1+R2_[364/996]_rank2_%totalreads:36.55_percentile:99_%top5reads:43.44_%readsfilteredfor1%:43.8_%readsfilteredfor10%:45.11	141	161	-	9.14754	6.96e-05	0.012	ACTCTCTTTCCTTTTTTCCCC
MA0050.2	IRF1	KE4-2-A01_R1+R2_[195/435]_rank1_%totalreads:44.83_percentile:100_%top5reads:53.28_%readsfilteredfor1%:53.28_%readsfilteredfor10%:58.21	143	163	-	9.14754	6.96e-05	0.012	ACTCTCTTTCCTTTTTTCCCC
MA0050.2	IRF1	KE4-4-G02_R1+R2_[7/996]_rank5_%totalreads:0.7_percentile:97_%top5reads:0.84_%readsfilteredfor1%:None_%readsfilteredfor10%:None	143	163	-	9.14754	6.96e-05	0.012	ACTCTCTTTCCTTTTTTCCCC
MA0050.2	IRF1	KE4-1-C02_R1+R2_[1/144]_rank5_%totalreads:0.69_percentile:48_%top5reads:1.05_%readsfilteredfor1%:None_%readsfilteredfor10%:None	149	169	-	9.14754	6.96e-05	0.012	ACTCTCTTTCCTTTTTTCCCC
MA0007.3	Ar	KE4-1-C02_R1+R2_[1/144]_rank4_%totalreads:0.69_percentile:48_%top5reads:1.05_%readsfilteredfor1%:None_%readsfilteredfor10%:None	80	96	-	6.10526	7.24e-05	0.0232	GGGAATAGGATGTCCTG
MA0007.3	Ar	KE4-2-A01_R1+R2_[5/435]_rank5_%totalreads:1.15_percentile:94_%top5reads:1.37_%readsfilteredfor1%:1.37_%readsfilteredfor10%:None	65	81	+	6.01754	7.45e-05	0.0232	CAGAACACCCTGTTTTG
MA0007.3	Ar	KE4-2-A01_R1+R2_[140/435]_rank2_%totalreads:32.18_percentile:98_%top5reads:38.25_%readsfilteredfor1%:38.25_%readsfilteredfor10%:41.79	66	82	+	6.01754	7.45e-05	0.0232	CAGAACACCCTGTTTTG
MA0072.1	RORA(var.2)	KE4-1-C02_R1+R2_[1/144]_rank4_%totalreads:0.69_percentile:48_%top5reads:1.05_%readsfilteredfor1%:None_%readsfilteredfor10%:None	1	14	-	6.57955	7.46e-05	0.385	GATATGTAGGGCAT
MA0157.2	FOXO3	KE4-1-C02_R1+R2_[1/144]_rank4_%totalreads:0.69_percentile:48_%top5reads:1.05_%readsfilteredfor1%:None_%readsfilteredfor10%:None	100	107	+	11.4	7.46e-05	0.407	GTAAACAG
MA0031.1	FOXD1	KE4-1-C02_R1+R2_[1/144]_rank4_%totalreads:0.69_percentile:48_%top5reads:1.05_%readsfilteredfor1%:None_%readsfilteredfor10%:None	100	107	+	12.2857	7.46e-05	0.409	GTAAACAG
MA0113.3	NR3C1	KE4-4-G10_R1+R2_[11/806]_rank3_%totalreads:1.36_percentile:98_%top5reads:1.62_%readsfilteredfor1%:1.64_%readsfilteredfor10%:None	65	81	+	4.57143	7.71e-05	0.024	CAGAACACCCTGTTATG
MA0113.3	NR3C1	KE4-4-G02_R1+R2_[11/996]_rank4_%totalreads:1.1_percentile:97_%top5reads:1.31_%readsfilteredfor1%:1.32_%readsfilteredfor10%:None	65	81	+	4.57143	7.71e-05	0.024	CAGAACACCCTGTTATG
MA0113.3	NR3C1	KE4-4-G10_R1+R2_[347/806]_rank1_%totalreads:43.05_percentile:100_%top5reads:51.03_%readsfilteredfor1%:51.64_%readsfilteredfor10%:52.5	66	82	+	4.57143	7.71e-05	0.024	CAGAACACCCTGTTATG
MA0113.3	NR3C1	KE4-4-G02_R1+R2_[443/996]_rank1_%totalreads:44.48_percentile:100_%top5reads:52.86_%readsfilteredfor1%:53.31_%readsfilteredfor10%:54.89	66	82	+	4.57143	7.71e-05	0.024	CAGAACACCCTGTTATG
MA0753.1	ZNF740	KE4-1-C02_R1+R2_[1/144]_rank4_%totalreads:0.69_percentile:48_%top5reads:1.05_%readsfilteredfor1%:None_%readsfilteredfor10%:None	15	24	+	10.0278	7.76e-05	0.39	ACACCCCCAG
MA0036.2	GATA2	KE4-1-C02_R1+R2_[1/144]_rank4_%totalreads:0.69_percentile:48_%top5reads:1.05_%readsfilteredfor1%:None_%readsfilteredfor10%:None	34	47	-	11.3519	7.85e-05	0.406	GTCTGCTTATCAGA
MA0007.3	Ar	KE4-4-G10_R1+R2_[11/806]_rank3_%totalreads:1.36_percentile:98_%top5reads:1.62_%readsfilteredfor1%:1.64_%readsfilteredfor10%:None	65	81	+	5.84211	7.86e-05	0.0232	CAGAACACCCTGTTATG
MA0007.3	Ar	KE4-4-G02_R1+R2_[11/996]_rank4_%totalreads:1.1_percentile:97_%top5reads:1.31_%readsfilteredfor1%:1.32_%readsfilteredfor10%:None	65	81	+	5.84211	7.86e-05	0.0232	CAGAACACCCTGTTATG
MA0007.3	Ar	KE4-4-G10_R1+R2_[347/806]_rank1_%totalreads:43.05_percentile:100_%top5reads:51.03_%readsfilteredfor1%:51.64_%readsfilteredfor10%:52.5	66	82	+	5.84211	7.86e-05	0.0232	CAGAACACCCTGTTATG
MA0007.3	Ar	KE4-4-G02_R1+R2_[443/996]_rank1_%totalreads:44.48_percentile:100_%top5reads:52.86_%readsfilteredfor1%:53.31_%readsfilteredfor10%:54.89	66	82	+	5.84211	7.86e-05	0.0232	CAGAACACCCTGTTATG
MA0515.1	Sox6	KE4-4-G02_R1+R2_[13/996]_rank3_%totalreads:1.31_percentile:98_%top5reads:1.55_%readsfilteredfor1%:1.56_%readsfilteredfor10%:None	20	29	+	11.4783	8e-05	0.0818	CTATTGTTCT
MA0515.1	Sox6	KE4-4-G02_R1+R2_[11/996]_rank4_%totalreads:1.1_percentile:97_%top5reads:1.31_%readsfilteredfor1%:1.32_%readsfilteredfor10%:None	20	29	+	11.4783	8e-05	0.0818	CTATTGTTCT
MA0515.1	Sox6	KE4-4-G10_R1+R2_[11/806]_rank3_%totalreads:1.36_percentile:98_%top5reads:1.62_%readsfilteredfor1%:1.64_%readsfilteredfor10%:None	20	29	+	11.4783	8e-05	0.0818	CTATTGTTCT
MA0515.1	Sox6	KE4-4-G10_R1+R2_[4/806]_rank4_%totalreads:0.5_percentile:97_%top5reads:0.59_%readsfilteredfor1%:None_%readsfilteredfor10%:None	20	29	+	11.4783	8e-05	0.0818	CTATTGTTCT
MA0515.1	Sox6	KE4-2-A01_R1+R2_[5/435]_rank5_%totalreads:1.15_percentile:94_%top5reads:1.37_%readsfilteredfor1%:1.37_%readsfilteredfor10%:None	20	29	+	11.4783	8e-05	0.0818	CTATTGTTCT
MA0159.1	RARA::RXRA	KE4-4-G10_R1+R2_[4/806]_rank5_%totalreads:0.5_percentile:97_%top5reads:0.59_%readsfilteredfor1%:None_%readsfilteredfor10%:None	73	89	+	9.18557	8.03e-05	0.0306	AGTTCATGTGCCAGCCA
MA0159.1	RARA::RXRA	KE4-4-G10_R1+R2_[11/806]_rank3_%totalreads:1.36_percentile:98_%top5reads:1.62_%readsfilteredfor1%:1.64_%readsfilteredfor10%:None	82	98	-	9.18557	8.03e-05	0.0306	AGTTCATGTGCCAGCCA
MA0159.1	RARA::RXRA	KE4-2-A01_R1+R2_[5/435]_rank5_%totalreads:1.15_percentile:94_%top5reads:1.37_%readsfilteredfor1%:1.37_%readsfilteredfor10%:None	82	98	-	9.18557	8.03e-05	0.0306	AGTTCATGTGCCAGCCA
MA0159.1	RARA::RXRA	KE4-4-G02_R1+R2_[11/996]_rank4_%totalreads:1.1_percentile:97_%top5reads:1.31_%readsfilteredfor1%:1.32_%readsfilteredfor10%:None	82	98	-	9.18557	8.03e-05	0.0306	AGTTCATGTGCCAGCCA
MA0159.1	RARA::RXRA	KE4-2-A01_R1+R2_[140/435]_rank2_%totalreads:32.18_percentile:98_%top5reads:38.25_%readsfilteredfor1%:38.25_%readsfilteredfor10%:41.79	83	99	-	9.18557	8.03e-05	0.0306	AGTTCATGTGCCAGCCA
MA0159.1	RARA::RXRA	KE4-4-G10_R1+R2_[347/806]_rank1_%totalreads:43.05_percentile:100_%top5reads:51.03_%readsfilteredfor1%:51.64_%readsfilteredfor10%:52.5	83	99	-	9.18557	8.03e-05	0.0306	AGTTCATGTGCCAGCCA
MA0159.1	RARA::RXRA	KE4-4-G02_R1+R2_[443/996]_rank1_%totalreads:44.48_percentile:100_%top5reads:52.86_%readsfilteredfor1%:53.31_%readsfilteredfor10%:54.89	83	99	-	9.18557	8.03e-05	0.0306	AGTTCATGTGCCAGCCA
MA0159.1	RARA::RXRA	KE4-4-G10_R1+R2_[4/806]_rank4_%totalreads:0.5_percentile:97_%top5reads:0.59_%readsfilteredfor1%:None_%readsfilteredfor10%:None	84	100	-	9.18557	8.03e-05	0.0306	AGTTCATGTGCCAGCCA
MA0159.1	RARA::RXRA	KE4-4-G02_R1+R2_[13/996]_rank3_%totalreads:1.31_percentile:98_%top5reads:1.55_%readsfilteredfor1%:1.56_%readsfilteredfor10%:None	84	100	-	9.18557	8.03e-05	0.0306	AGTTCATGTGCCAGCCA
MA0159.1	RARA::RXRA	KE4-4-G10_R1+R2_[314/806]_rank2_%totalreads:38.96_percentile:99_%top5reads:46.18_%readsfilteredfor1%:46.73_%readsfilteredfor10%:47.5	85	101	-	9.18557	8.03e-05	0.0306	AGTTCATGTGCCAGCCA
MA0159.1	RARA::RXRA	KE4-4-G02_R1+R2_[364/996]_rank2_%totalreads:36.55_percentile:99_%top5reads:43.44_%readsfilteredfor1%:43.8_%readsfilteredfor10%:45.11	85	101	-	9.18557	8.03e-05	0.0306	AGTTCATGTGCCAGCCA
MA0159.1	RARA::RXRA	KE4-4-G02_R1+R2_[7/996]_rank5_%totalreads:0.7_percentile:97_%top5reads:0.84_%readsfilteredfor1%:None_%readsfilteredfor10%:None	87	103	-	9.18557	8.03e-05	0.0306	AGTTCATGTGCCAGCCA
MA0159.1	RARA::RXRA	KE4-2-A01_R1+R2_[195/435]_rank1_%totalreads:44.83_percentile:100_%top5reads:53.28_%readsfilteredfor1%:53.28_%readsfilteredfor10%:58.21	87	103	-	9.18557	8.03e-05	0.0306	AGTTCATGTGCCAGCCA
MA0822.1	HES7	KE4-1-C02_R1+R2_[1/144]_rank4_%totalreads:0.69_percentile:48_%top5reads:1.05_%readsfilteredfor1%:None_%readsfilteredfor10%:None	135	146	+	1.59649	8.04e-05	0.394	AGGCACTTGTCT
MA0050.2	IRF1	KE4-4-G10_R1+R2_[4/806]_rank5_%totalreads:0.5_percentile:97_%top5reads:0.59_%readsfilteredfor1%:None_%readsfilteredfor10%:None	7	27	+	8.72131	8.27e-05	0.012	CTGTGCACTCTCTTTCCTTTT
MA0050.2	IRF1	KE4-1-C02_R1+R2_[82/144]_rank1_%totalreads:56.94_percentile:100_%top5reads:86.32_%readsfilteredfor1%:88.17_%readsfilteredfor10%:100.0	65	85	-	8.72131	8.27e-05	0.012	CTGTGCACTCTCTTTCCTTTT
MA0050.2	IRF1	KE4-1-C02_R1+R2_[1/144]_rank5_%totalreads:0.69_percentile:48_%top5reads:1.05_%readsfilteredfor1%:None_%readsfilteredfor10%:None	65	85	-	8.72131	8.27e-05	0.012	CTGTGCACTCTCTTTCCTTTT
MA0050.2	IRF1	KE4-2-A01_R1+R2_[5/435]_rank5_%totalreads:1.15_percentile:94_%top5reads:1.37_%readsfilteredfor1%:1.37_%readsfilteredfor10%:None	144	164	-	8.72131	8.27e-05	0.012	CTGTGCACTCTCTTTCCTTTT
MA0050.2	IRF1	KE4-4-G10_R1+R2_[11/806]_rank3_%totalreads:1.36_percentile:98_%top5reads:1.62_%readsfilteredfor1%:1.64_%readsfilteredfor10%:None	144	164	-	8.72131	8.27e-05	0.012	CTGTGCACTCTCTTTCCTTTT
MA0050.2	IRF1	KE4-4-G02_R1+R2_[11/996]_rank4_%totalreads:1.1_percentile:97_%top5reads:1.31_%readsfilteredfor1%:1.32_%readsfilteredfor10%:None	144	164	-	8.72131	8.27e-05	0.012	CTGTGCACTCTCTTTCCTTTT
MA0050.2	IRF1	KE4-4-G10_R1+R2_[347/806]_rank1_%totalreads:43.05_percentile:100_%top5reads:51.03_%readsfilteredfor1%:51.64_%readsfilteredfor10%:52.5	145	165	-	8.72131	8.27e-05	0.012	CTGTGCACTCTCTTTCCTTTT
MA0050.2	IRF1	KE4-4-G02_R1+R2_[443/996]_rank1_%totalreads:44.48_percentile:100_%top5reads:52.86_%readsfilteredfor1%:53.31_%readsfilteredfor10%:54.89	145	165	-	8.72131	8.27e-05	0.012	CTGTGCACTCTCTTTCCTTTT
MA0050.2	IRF1	KE4-2-A01_R1+R2_[140/435]_rank2_%totalreads:32.18_percentile:98_%top5reads:38.25_%readsfilteredfor1%:38.25_%readsfilteredfor10%:41.79	145	165	-	8.72131	8.27e-05	0.012	CTGTGCACTCTCTTTCCTTTT
MA0050.2	IRF1	KE4-4-G10_R1+R2_[4/806]_rank4_%totalreads:0.5_percentile:97_%top5reads:0.59_%readsfilteredfor1%:None_%readsfilteredfor10%:None	146	166	-	8.72131	8.27e-05	0.012	CTGTGCACTCTCTTTCCTTTT
MA0050.2	IRF1	KE4-4-G02_R1+R2_[13/996]_rank3_%totalreads:1.31_percentile:98_%top5reads:1.55_%readsfilteredfor1%:1.56_%readsfilteredfor10%:None	146	166	-	8.72131	8.27e-05	0.012	CTGTGCACTCTCTTTCCTTTT
MA0050.2	IRF1	KE4-4-G10_R1+R2_[314/806]_rank2_%totalreads:38.96_percentile:99_%top5reads:46.18_%readsfilteredfor1%:46.73_%readsfilteredfor10%:47.5	147	167	-	8.72131	8.27e-05	0.012	CTGTGCACTCTCTTTCCTTTT
MA0050.2	IRF1	KE4-4-G02_R1+R2_[364/996]_rank2_%totalreads:36.55_percentile:99_%top5reads:43.44_%readsfilteredfor1%:43.8_%readsfilteredfor10%:45.11	147	167	-	8.72131	8.27e-05	0.012	CTGTGCACTCTCTTTCCTTTT
MA0050.2	IRF1	KE4-4-G02_R1+R2_[7/996]_rank5_%totalreads:0.7_percentile:97_%top5reads:0.84_%readsfilteredfor1%:None_%readsfilteredfor10%:None	149	169	-	8.72131	8.27e-05	0.012	CTGTGCACTCTCTTTCCTTTT
MA0050.2	IRF1	KE4-2-A01_R1+R2_[195/435]_rank1_%totalreads:44.83_percentile:100_%top5reads:53.28_%readsfilteredfor1%:53.28_%readsfilteredfor10%:58.21	149	169	-	8.72131	8.27e-05	0.012	CTGTGCACTCTCTTTCCTTTT
MA0050.2	IRF1	KE4-1-C02_R1+R2_[1/144]_rank5_%totalreads:0.69_percentile:48_%top5reads:1.05_%readsfilteredfor1%:None_%readsfilteredfor10%:None	155	175	-	8.72131	8.27e-05	0.012	CTGTGCACTCTCTTTCCTTTT
MA0149.1	EWSR1-FLI1	KE4-1-C02_R1+R2_[1/144]_rank4_%totalreads:0.69_percentile:48_%top5reads:1.05_%readsfilteredfor1%:None_%readsfilteredfor10%:None	111	128	+	-16.08	8.3e-05	0.0119	GAGGGGAAGGGATCTGGG
MA0519.1	Stat5a::Stat5b	KE4-2-A01_R1+R2_[11/435]_rank4_%totalreads:2.53_percentile:95_%top5reads:3.01_%readsfilteredfor1%:3.01_%readsfilteredfor10%:None	25	35	+	11.1224	8.3e-05	0.431	TGTTCTCGGAA
MA0811.1	TFAP2B	KE4-4-G10_R1+R2_[11/806]_rank3_%totalreads:1.36_percentile:98_%top5reads:1.62_%readsfilteredfor1%:1.64_%readsfilteredfor10%:None	35	46	-	10.6852	8.49e-05	0.0127	TGCTCTAGGGCA
MA0811.1	TFAP2B	KE4-2-A01_R1+R2_[5/435]_rank5_%totalreads:1.15_percentile:94_%top5reads:1.37_%readsfilteredfor1%:1.37_%readsfilteredfor10%:None	35	46	-	10.6852	8.49e-05	0.0127	TGCTCTAGGGCA
MA0811.1	TFAP2B	KE4-4-G02_R1+R2_[11/996]_rank4_%totalreads:1.1_percentile:97_%top5reads:1.31_%readsfilteredfor1%:1.32_%readsfilteredfor10%:None	35	46	-	10.6852	8.49e-05	0.0127	TGCTCTAGGGCA
MA0811.1	TFAP2B	KE4-4-G02_R1+R2_[13/996]_rank3_%totalreads:1.31_percentile:98_%top5reads:1.55_%readsfilteredfor1%:1.56_%readsfilteredfor10%:None	35	46	-	10.6852	8.49e-05	0.0127	TGCTCTAGGGCA
MA0811.1	TFAP2B	KE4-4-G10_R1+R2_[4/806]_rank4_%totalreads:0.5_percentile:97_%top5reads:0.59_%readsfilteredfor1%:None_%readsfilteredfor10%:None	35	46	-	10.6852	8.49e-05	0.0127	TGCTCTAGGGCA
MA0811.1	TFAP2B	KE4-4-G10_R1+R2_[314/806]_rank2_%totalreads:38.96_percentile:99_%top5reads:46.18_%readsfilteredfor1%:46.73_%readsfilteredfor10%:47.5	36	47	-	10.6852	8.49e-05	0.0127	TGCTCTAGGGCA
MA0811.1	TFAP2B	KE4-4-G10_R1+R2_[347/806]_rank1_%totalreads:43.05_percentile:100_%top5reads:51.03_%readsfilteredfor1%:51.64_%readsfilteredfor10%:52.5	36	47	-	10.6852	8.49e-05	0.0127	TGCTCTAGGGCA
MA0811.1	TFAP2B	KE4-4-G02_R1+R2_[7/996]_rank5_%totalreads:0.7_percentile:97_%top5reads:0.84_%readsfilteredfor1%:None_%readsfilteredfor10%:None	36	47	-	10.6852	8.49e-05	0.0127	TGCTCTAGGGCA
MA0811.1	TFAP2B	KE4-2-A01_R1+R2_[140/435]_rank2_%totalreads:32.18_percentile:98_%top5reads:38.25_%readsfilteredfor1%:38.25_%readsfilteredfor10%:41.79	36	47	-	10.6852	8.49e-05	0.0127	TGCTCTAGGGCA
MA0811.1	TFAP2B	KE4-1-C02_R1+R2_[1/144]_rank5_%totalreads:0.69_percentile:48_%top5reads:1.05_%readsfilteredfor1%:None_%readsfilteredfor10%:None	36	47	-	10.6852	8.49e-05	0.0127	TGCTCTAGGGCA
MA0811.1	TFAP2B	KE4-2-A01_R1+R2_[195/435]_rank1_%totalreads:44.83_percentile:100_%top5reads:53.28_%readsfilteredfor1%:53.28_%readsfilteredfor10%:58.21	36	47	-	10.6852	8.49e-05	0.0127	TGCTCTAGGGCA
MA0811.1	TFAP2B	KE4-4-G02_R1+R2_[364/996]_rank2_%totalreads:36.55_percentile:99_%top5reads:43.44_%readsfilteredfor1%:43.8_%readsfilteredfor10%:45.11	36	47	-	10.6852	8.49e-05	0.0127	TGCTCTAGGGCA
MA0811.1	TFAP2B	KE4-4-G02_R1+R2_[443/996]_rank1_%totalreads:44.48_percentile:100_%top5reads:52.86_%readsfilteredfor1%:53.31_%readsfilteredfor10%:54.89	36	47	-	10.6852	8.49e-05	0.0127	TGCTCTAGGGCA
MA0811.1	TFAP2B	KE4-1-C02_R1+R2_[82/144]_rank1_%totalreads:56.94_percentile:100_%top5reads:86.32_%readsfilteredfor1%:88.17_%readsfilteredfor10%:100.0	36	47	-	10.6852	8.49e-05	0.0127	TGCTCTAGGGCA
MA0811.1	TFAP2B	KE4-1-C02_R1+R2_[1/144]_rank5_%totalreads:0.69_percentile:48_%top5reads:1.05_%readsfilteredfor1%:None_%readsfilteredfor10%:None	126	137	-	10.6852	8.49e-05	0.0127	TGCTCTAGGGCA
MA0811.1	TFAP2B	KE4-4-G10_R1+R2_[4/806]_rank5_%totalreads:0.5_percentile:97_%top5reads:0.59_%readsfilteredfor1%:None_%readsfilteredfor10%:None	127	138	+	10.6852	8.49e-05	0.0127	TGCTCTAGGGCA
MA0002.2	RUNX1	KE4-2-A01_R1+R2_[5/435]_rank5_%totalreads:1.15_percentile:94_%top5reads:1.37_%readsfilteredfor1%:1.37_%readsfilteredfor10%:None	77	87	+	10.9825	8.94e-05	0.216	TTTTGTGGCTG
MA0002.2	RUNX1	KE4-2-A01_R1+R2_[140/435]_rank2_%totalreads:32.18_percentile:98_%top5reads:38.25_%readsfilteredfor1%:38.25_%readsfilteredfor10%:41.79	78	88	+	10.9825	8.94e-05	0.216	TTTTGTGGCTG
MA0850.1	FOXP3	KE4-1-C02_R1+R2_[1/144]_rank4_%totalreads:0.69_percentile:48_%top5reads:1.05_%readsfilteredfor1%:None_%readsfilteredfor10%:None	100	106	+	11.0972	9.39e-05	0.522	GTAAACA
MA0849.1	FOXO6	KE4-1-C02_R1+R2_[1/144]_rank4_%totalreads:0.69_percentile:48_%top5reads:1.05_%readsfilteredfor1%:None_%readsfilteredfor10%:None	100	106	+	12.7308	9.39e-05	0.51	GTAAACA
MA0848.1	FOXO4	KE4-1-C02_R1+R2_[1/144]_rank4_%totalreads:0.69_percentile:48_%top5reads:1.05_%readsfilteredfor1%:None_%readsfilteredfor10%:None	100	106	+	12.1818	9.39e-05	0.507	GTAAACA
MA0847.1	FOXD2	KE4-1-C02_R1+R2_[1/144]_rank4_%totalreads:0.69_percentile:48_%top5reads:1.05_%readsfilteredfor1%:None_%readsfilteredfor10%:None	100	106	+	11.1695	9.39e-05	0.522	GTAAACA
MA0042.2	FOXI1	KE4-1-C02_R1+R2_[1/144]_rank4_%totalreads:0.69_percentile:48_%top5reads:1.05_%readsfilteredfor1%:None_%readsfilteredfor10%:None	100	106	+	12.6909	9.39e-05	0.503	GTAAACA
MA0033.2	FOXL1	KE4-1-C02_R1+R2_[1/144]_rank4_%totalreads:0.69_percentile:48_%top5reads:1.05_%readsfilteredfor1%:None_%readsfilteredfor10%:None	100	106	+	11.7455	9.39e-05	0.518	GTAAACA
MA0727.1	NR3C2	KE4-4-G10_R1+R2_[4/806]_rank5_%totalreads:0.5_percentile:97_%top5reads:0.59_%readsfilteredfor1%:None_%readsfilteredfor10%:None	63	79	-	3.45652	9.39e-05	0.0186	ATGAACTCGATGTGCTG
MA0727.1	NR3C2	KE4-4-G02_R1+R2_[11/996]_rank4_%totalreads:1.1_percentile:97_%top5reads:1.31_%readsfilteredfor1%:1.32_%readsfilteredfor10%:None	92	108	+	3.45652	9.39e-05	0.0186	ATGAACTCGATGTGCTG
MA0727.1	NR3C2	KE4-4-G10_R1+R2_[11/806]_rank3_%totalreads:1.36_percentile:98_%top5reads:1.62_%readsfilteredfor1%:1.64_%readsfilteredfor10%:None	92	108	+	3.45652	9.39e-05	0.0186	ATGAACTCGATGTGCTG
MA0727.1	NR3C2	KE4-2-A01_R1+R2_[5/435]_rank5_%totalreads:1.15_percentile:94_%top5reads:1.37_%readsfilteredfor1%:1.37_%readsfilteredfor10%:None	92	108	+	3.45652	9.39e-05	0.0186	ATGAACTCGATGTGCTG
MA0727.1	NR3C2	KE4-2-A01_R1+R2_[140/435]_rank2_%totalreads:32.18_percentile:98_%top5reads:38.25_%readsfilteredfor1%:38.25_%readsfilteredfor10%:41.79	93	109	+	3.45652	9.39e-05	0.0186	ATGAACTCGATGTGCTG
MA0727.1	NR3C2	KE4-4-G10_R1+R2_[347/806]_rank1_%totalreads:43.05_percentile:100_%top5reads:51.03_%readsfilteredfor1%:51.64_%readsfilteredfor10%:52.5	93	109	+	3.45652	9.39e-05	0.0186	ATGAACTCGATGTGCTG
MA0727.1	NR3C2	KE4-4-G02_R1+R2_[443/996]_rank1_%totalreads:44.48_percentile:100_%top5reads:52.86_%readsfilteredfor1%:53.31_%readsfilteredfor10%:54.89	93	109	+	3.45652	9.39e-05	0.0186	ATGAACTCGATGTGCTG
MA0727.1	NR3C2	KE4-4-G10_R1+R2_[4/806]_rank4_%totalreads:0.5_percentile:97_%top5reads:0.59_%readsfilteredfor1%:None_%readsfilteredfor10%:None	94	110	+	3.45652	9.39e-05	0.0186	ATGAACTCGATGTGCTG
MA0727.1	NR3C2	KE4-4-G02_R1+R2_[13/996]_rank3_%totalreads:1.31_percentile:98_%top5reads:1.55_%readsfilteredfor1%:1.56_%readsfilteredfor10%:None	94	110	+	3.45652	9.39e-05	0.0186	ATGAACTCGATGTGCTG
MA0727.1	NR3C2	KE4-4-G02_R1+R2_[364/996]_rank2_%totalreads:36.55_percentile:99_%top5reads:43.44_%readsfilteredfor1%:43.8_%readsfilteredfor10%:45.11	95	111	+	3.45652	9.39e-05	0.0186	ATGAACTCGATGTGCTG
MA0727.1	NR3C2	KE4-4-G10_R1+R2_[314/806]_rank2_%totalreads:38.96_percentile:99_%top5reads:46.18_%readsfilteredfor1%:46.73_%readsfilteredfor10%:47.5	95	111	+	3.45652	9.39e-05	0.0186	ATGAACTCGATGTGCTG
MA0727.1	NR3C2	KE4-4-G02_R1+R2_[7/996]_rank5_%totalreads:0.7_percentile:97_%top5reads:0.84_%readsfilteredfor1%:None_%readsfilteredfor10%:None	97	113	+	3.45652	9.39e-05	0.0186	ATGAACTCGATGTGCTG
MA0727.1	NR3C2	KE4-2-A01_R1+R2_[195/435]_rank1_%totalreads:44.83_percentile:100_%top5reads:53.28_%readsfilteredfor1%:53.28_%readsfilteredfor10%:58.21	97	113	+	3.45652	9.39e-05	0.0186	ATGAACTCGATGTGCTG
MA0599.1	KLF5	KE4-1-C02_R1+R2_[1/144]_rank4_%totalreads:0.69_percentile:48_%top5reads:1.05_%readsfilteredfor1%:None_%readsfilteredfor10%:None	12	21	+	9.61224	9.51e-05	0.485	ATCACACCCC
MA0493.1	Klf1	KE4-1-C02_R1+R2_[1/144]_rank4_%totalreads:0.69_percentile:48_%top5reads:1.05_%readsfilteredfor1%:None_%readsfilteredfor10%:None	11	21	+	9.46154	9.84e-05	0.508	TATCACACCCC
MA0821.1	HES5	KE4-1-C02_R1+R2_[1/144]_rank4_%totalreads:0.69_percentile:48_%top5reads:1.05_%readsfilteredfor1%:None_%readsfilteredfor10%:None	135	146	+	-0.298246	9.96e-05	0.249	AGGCACTTGTCT

# FIMO (Find Individual Motif Occurrences): Version 5.0.1 compiled on Aug 10 2018 at 13:43:31
# The format of this file is described at http://meme-suite.org/doc/fimo-output-format.html.
# /Users/kirkehmsen/Meme/bin/fimo --bfile /Users/kirkehmsen/Documents/CollatedMotifsOutputGit_072021/07202021_markov_background.txt --o /Users/kirkehmsen/Documents/CollatedMotifsOutputGit_072021/fimo_out --thresh 1e-4 /Users/kirkehmsen/Documents/Zenodo/ExampleTestFiles/CollatedMotifs_testfiles/JASPAR_CORE_2016_vertebrates.meme /Users/kirkehmsen/Documents/CollatedMotifsOutputGit_072021/07202021_fasta.fa
